case,cores,no_warm_makespan,no_warm_added,no_warm_initial,main_makespan,p1plan_makespan,singlecore_makespan
case_001,4,58984,3456,comp-pack/1,58984,58984,233110
case_006,4,24772,471148,tals-bl/cf4/ob1000,24772,31151,82837
case_011,4,46880,540672,hyper/x0,46880,46880,184697
case_016,4,2252262,572912,hyper/x0,2252262,3047643,7715523
case_021,4,1550324,4608000,comp-pack/16,1550324,1616935,6567937
case_026,4,38976,1455244,hyper/x0,38976,42640,99203
case_031,4,355562,3531264,comp-pack/4,355562,373712,1414369
case_036,4,233584,3456,comp-pack/1,233584,233584,931510
case_041,4,1512231,14201856,comp-pack/16,1502089,1503692,6003957
case_046,4,78779,2791200,lsB/x0/runmax,78779,85064,276455
case_051,4,187486,558300,hyper/x0,187486,243792,607628
case_056,4,106100,1159682,tals-dfs/cf4/ob3000,106100,108111,277285
case_061,4,23376,44544,comp-pack/4,23376,23376,77191
case_066,4,131244,2325714,tals-dfs/cf1/ob1000,130286,130866,359070
case_071,4,9262,232240,tals-dfs/cf4/ob1000,9262,10334,18919
case_076,4,1553246,17539072,comp-pack/1,1553246,1581823,6185113
case_081,4,39605,32798,comp-pack/16,39605,39658,151795
case_086,4,48045,1425426,tals-dfs/cf4/ob1000,48045,51624,118403
case_091,4,2348672,45138048,comp-pack/1,2305902,2307331,9186769
case_096,4,22604,707224,hyper/x0,22604,26984,84194
