problem,ops_quartile,configs,v2_wins,ties,v1_wins,v1_mean_speedup,v2_mean_speedup,geomean_T_v1_over_v2
1,Q1 (552–1098 计算节点),100,98,1,1,2.2073,2.942,1.3281
1,Q2 (1115–3696 计算节点),100,100,0,0,1.9816,2.9518,1.515
1,Q3 (3745–7008 计算节点),100,100,0,0,1.8491,2.8476,1.5794
1,Q4 (7360–35705 计算节点),100,100,0,0,1.9533,3.0757,1.642
2,Q1 (552–1098 计算节点),100,71,2,27,2.9679,3.2255,1.0941
2,Q2 (1115–3696 计算节点),100,82,0,18,2.8656,3.279,1.1599
2,Q3 (3745–7008 计算节点),100,98,0,2,2.338,3.1489,1.3953
2,Q4 (7360–35705 计算节点),100,95,0,5,2.3944,3.317,1.4589
3,Q1 (552–1098 计算节点),100,68,2,30,3.0598,3.2816,1.0822
3,Q2 (1115–3696 计算节点),100,82,0,18,2.9459,3.3227,1.1443
3,Q3 (3745–7008 计算节点),100,98,0,2,2.3933,3.1743,1.3758
3,Q4 (7360–35705 计算节点),100,95,0,5,2.4442,3.3521,1.447
