case,official_singlecore,v1_K1,v2_singlecore,all_equal
case_001,233110,233110,233110,True
case_002,261945,261945,261945,True
case_003,602212,602212,602212,True
case_004,392357,392357,392357,True
case_005,95618,95618,95618,True
case_006,82837,82837,82837,True
case_007,1012562,1012562,1012562,True
case_008,487605,487605,487605,True
case_009,153261,153261,153261,True
case_010,86969,86969,86969,True
case_011,184697,184697,184697,True
case_012,59088,59088,59088,True
case_013,263949,263949,263949,True
case_014,17698626,17698626,17698626,True
case_015,177362,177362,177362,True
case_016,7715523,7715523,7715523,True
case_017,162810,162810,162810,True
case_018,1004367,1004367,1004367,True
case_019,81144,81144,81144,True
case_020,532746,532746,532746,True
case_021,6567937,6567937,6567937,True
case_022,56780,56780,56780,True
case_023,122614,122614,122614,True
case_024,2555343,2555343,2555343,True
case_025,4863026,4863026,4863026,True
case_026,99203,99203,99203,True
case_027,2363952,2363952,2363952,True
case_028,43836040,43836040,43836040,True
case_029,37555,37555,37555,True
case_030,2808034,2808034,2808034,True
case_031,1414369,1414369,1414369,True
case_032,41443,41443,41443,True
case_033,1774196,1774196,1774196,True
case_034,842996,842996,842996,True
case_035,169571,169571,169571,True
case_036,931510,931510,931510,True
case_037,210001,210001,210001,True
case_038,1364555,1364555,1364555,True
case_039,1435262,1435262,1435262,True
case_040,253454,253454,253454,True
case_041,6003957,6003957,6003957,True
case_042,1686740,1686740,1686740,True
case_043,677656,677656,677656,True
case_044,154407,154407,154407,True
case_045,125614,125614,125614,True
case_046,276455,276455,276455,True
case_047,326508,326508,326508,True
case_048,222220,222220,222220,True
case_049,196276,196276,196276,True
case_050,149690,149690,149690,True
case_051,607628,607628,607628,True
case_052,180301,180301,180301,True
case_053,1472686,1472686,1472686,True
case_054,815051,815051,815051,True
case_055,118835,118835,118835,True
case_056,277285,277285,277285,True
case_057,59726,59726,59726,True
case_058,4539717,4539717,4539717,True
case_059,829473,829473,829473,True
case_060,888789,888789,888789,True
case_061,77191,77191,77191,True
case_062,2854809,2854809,2854809,True
case_063,1070397,1070397,1070397,True
case_064,19116,19116,19116,True
case_065,53068,53068,53068,True
case_066,359070,359070,359070,True
case_067,63834834,63834834,63834834,True
case_068,362095,362095,362095,True
case_069,25144,25144,25144,True
case_070,117300,117300,117300,True
case_071,18919,18919,18919,True
case_072,23897828,23897828,23897828,True
case_073,10081626,10081626,10081626,True
case_074,1682239,1682239,1682239,True
case_075,1441809,1441809,1441809,True
case_076,6185113,6185113,6185113,True
case_077,495320,495320,495320,True
case_078,2296143,2296143,2296143,True
case_079,31052251,31052251,31052251,True
case_080,292138,292138,292138,True
case_081,151795,151795,151795,True
case_082,721041,721041,721041,True
case_083,1057993,1057993,1057993,True
case_084,2507412,2507412,2507412,True
case_085,3187899,3187899,3187899,True
case_086,118403,118403,118403,True
case_087,3974071,3974071,3974071,True
case_088,243623,243623,243623,True
case_089,693092,693092,693092,True
case_090,1178363,1178363,1178363,True
case_091,9186769,9186769,9186769,True
case_092,4815554,4815554,4815554,True
case_093,74205,74205,74205,True
case_094,94892,94892,94892,True
case_095,2084853,2084853,2084853,True
case_096,84194,84194,84194,True
case_097,11491509,11491509,11491509,True
case_098,177430,177430,177430,True
case_099,1622999,1622999,1622999,True
case_100,151223,151223,151223,True
