problem,cores,n_compared,v1_official_reevaluated,v1_valid,v2_valid,v1_mean_speedup,v2_mean_speedup,v1best_mean_speedup,merged_mean_speedup,v1_median_speedup,v2_median_speedup,v1_mean_makespan,v2_mean_makespan,v1_total_makespan,v2_total_makespan,v1_mean_added_bytes,v2_mean_added_bytes,v1_total_added_bytes,v2_total_added_bytes,v2_wins,ties,v1_wins,v2_wins_lex,v1_wins_lex,v1best_wins_vs_v2,merged_from_v1,geomean_ratio_v1_over_v2,v2_less_added_count,v1_total_xfers,v2_total_xfers,v1_total_hit_bytes,v1_total_miss_bytes,v1_pooled_byte_hit_rate,v1_total_hits,v1_total_accesses,v1_mean_hit_rate,v2_total_hit_bytes,v2_total_miss_bytes,v2_pooled_byte_hit_rate,v2_total_hits,v2_total_accesses,v2_mean_hit_rate
1,2,100,100,100,100,1.4855611320913666,1.9388342225820556,1.4966679928831488,1.9388342225820556,1.5826757527208,1.9888039333419996,1992099.09,1546329.95,199209909,154632995,19791007.48,10685695.68,1979100748,1068569568,99,1,0,100,0,0,0,1.3208038872749746,74,,,,,,,,,,,,,,
1,3,100,100,100,100,1.8704156666747451,2.6700737944597326,1.8906210106453516,2.6705382326849123,1.946724762589207,2.874181561519398,1563033.57,1103370.55,156303357,110337055,20919488.66,13154544.54,2091948866,1315454454,100,0,0,100,0,1,1,1.4859363238440904,74,,,,,,,,,,,,,,
1,4,100,100,100,100,2.1770581208159223,3.3243891239546484,2.2101473421862083,3.3243891239546484,2.206688548655979,3.668719665746986,1314269.03,864039.81,131426903,86403981,21499378.98,13551575.28,2149937898,1355157528,100,0,0,100,0,0,0,1.6017570640734964,78,,,,,,,,,,,,,,
1,5,100,100,100,100,2.4583613690038444,3.8837460426684793,2.4904676499209124,3.883792219872742,2.4548163162867134,4.275287910987251,1173292.8,717140.15,117329280,71714015,21850405.42,16101631.84,2185040542,1610163184,99,0,1,99,1,1,1,1.659900353490234,77,,,,,,,,,,,,,,
2,2,100,100,100,100,1.80294560962049,2.092651189465523,1.8097366195888456,2.1085177582544867,1.8938738763523273,2.0066751313024414,1742789.26,1494999.08,174278926,149499908,16634389.76,7420252.4,1663438976,742025240,86,1,13,87,13,14,14,1.1726446882706205,62,40992,55478,,,,,,,,,,,,
2,3,100,100,100,100,2.418664429473284,2.9180535760063715,2.4313352872252527,2.932749302534293,2.6374757641101056,2.981179691158892,1287334.19,1016496.11,128733419,101649611,18906400.3,8608056.84,1890640030,860805684,90,1,9,91,9,9,9,1.250585086511996,60,80157,56916,,,,,,,,,,,,
2,4,100,100,100,100,2.9451458194868767,3.6631601345233786,2.9625876946568805,3.6910509498822357,3.159709608561305,3.913088257963674,1039320.26,763354.94,103932026,76335494,17018532.12,7835856.5,1701853212,783585650,87,0,13,87,13,13,13,1.309507330962815,64,71707,53868,,,,,,,,,,,,
2,5,100,100,100,100,3.399194099002841,4.296502078222085,3.412400915835876,4.362758772487744,3.670323957724828,4.736424636331037,912869.33,629680.19,91286933,62968019,17840599.46,8813436.4,1784059946,881343640,83,0,17,83,17,17,17,1.3451497734062252,67,70754,57925,,,,,,,,,,,,
3,2,100,100,100,100,1.8371076103254762,2.09793248259244,1.8371169388275705,2.116288714643802,1.9241281461815247,2.008847843532382,1723403.43,1491786.3,172340343,149178630,16658376.1,7418888.52,1665837610,741888852,86,1,13,87,13,13,13,1.153713738190892,61,41355,55535,228565806,1262764736,0.15326300881189892,18123,175520,0.12629343010103355,111210996,675104506,0.14143304528161268,23960,190851,0.12564669761132788
3,3,100,100,100,100,2.4739294522928827,2.949218006912779,2.4752854299467457,2.9629635061794852,2.6914297405464054,2.988552766413018,1271702.26,1012295.24,127170226,101229524,18966069.72,8599304.78,1896606972,859930478,89,1,10,90,10,10,10,1.2357451775831005,60,80322,56714,313455660,1253637410,0.2000236399488385,17224,190156,0.15153231047418075,144931910,705010312,0.1705197203392962,31686,190002,0.1864158151308546
3,4,100,100,100,100,3.027870063734148,3.710004841563595,3.0284232980381587,3.748059431442118,3.3164747454253822,3.9294338711381442,1026862.97,759400.68,102686297,75940068,17032866.38,7784745.46,1703286638,778474546,83,0,17,83,17,17,17,1.2938883949623128,62,71605,53916,311932978,1189273676,0.20778816638525238,20916,189630,0.16179961433364617,159469788,674461106,0.19122662219059125,36229,191452,0.21841799585502564
3,5,100,100,100,100,3.504314460611031,4.373563553171932,3.5058140772813515,4.450115661210857,3.8349347252351054,4.736551293506806,887855.47,625967.83,88785547,62596783,17872088.3,8977762.66,1787208830,897776266,85,0,15,85,15,15,15,1.3365613441165458,64,70931,58753,416466174,1165741344,0.2632184269522603,27073,194094,0.17844584303484287,188512856,718595920,0.20781725520424246,45236,203295,0.24794426426058785
