question,case,cores,variant,v1_main_makespan,reported_makespan,official_valid,official_makespan,official_added,v2_makespan,beats_v2,gap_vs_v2_pct
1,case_013,4,no_dedup,99973,98767,True,98767,3158016,67017,False,47.376038915499066
1,case_014,4,factor_24,8555638,6091765,True,6091765,185705796,4407313,False,38.219477491160724
1,case_043,4,factor_24,509854,418541,True,418541,7401684,271072,False,54.40215145791525
1,case_093,4,wait_scale_2,30734,30600,True,30600,1032192,19849,False,54.16393772986046
1,case_014,2,no_critical_path,12928830,10053241,True,10053241,175846076,8761285,False,14.746193052731416
1,case_014,3,no_critical_path,10868036,7629086,True,7629086,172666296,5853188,False,30.340696386311183
1,case_014,5,no_critical_path,8313553,4934508,True,4934508,181114260,3523383,False,40.05028689756407
1,case_023,4,no_feedback,40272,40014,True,40014,515646,33997,False,17.698620466511763
1,case_025,3,no_feedback,1759995,1757428,True,1757428,20382720,1622164,False,8.338491052692575
1,case_042,2,no_critical_path,1618318,1065424,True,1065424,13425680,836687,False,27.338419265507884
1,case_042,3,no_critical_path,1584312,761382,True,761382,16980008,552854,False,37.71845731422763
1,case_042,4,no_critical_path,1541594,616542,True,616542,17822792,418795,False,47.21808999629891
1,case_042,5,no_critical_path,1100331,551601,True,551601,17609168,339578,False,62.43720146770404
1,case_043,2,no_wait,509854,508823,True,508823,1473454,342489,False,48.56623132421771
1,case_073,2,no_wait,5945469,5460206,True,5460206,132397440,4504791,False,21.208864073827183
1,case_073,3,no_wait,4359775,4054028,True,4054028,135945344,4131182,True,-1.8676010885020355
1,case_073,4,no_wait,4033216,3385577,True,3385577,127970560,3159132,False,7.167949930550543
1,case_073,5,no_wait,3368847,3130497,True,3130497,140442240,2699402,False,15.970018544848074
1,case_093,2,no_dedup,47058,46328,True,46328,925696,37827,False,22.473365585428407
2,case_013,4,granularity_4,74211,67987,True,67987,167936,67017,False,1.4473939448199635
2,case_014,4,balance_weight_0.25,5934108,5692405,True,5692405,114945616,4435855,False,28.327120701646024
2,case_043,4,no_dual_pipe,434438,341247,True,341247,5325096,235671,False,44.79804473185076
2,case_093,4,granularity_16,21505,20293,True,20293,262144,19779,False,2.5987158096971497
2,case_013,2,no_shared_input,133543,132865,True,132865,24576,132198,False,0.5045462109865451
2,case_013,3,no_shared_input,92296,89241,True,89241,114688,88351,False,1.0073457006711806
2,case_013,5,no_shared_input,57919,55786,True,55786,217088,54468,False,2.4197694058897046
2,case_014,2,no_shared_input,11046663,9020579,True,9020579,114423556,8810639,False,2.382801065847784
2,case_014,3,no_shared_input,8667105,7981478,True,7981478,113126704,5936316,False,34.45170371658113
2,case_014,5,no_shared_input,5933799,5483286,True,5483286,116062684,3537471,False,55.005821955854906
2,case_043,2,no_dual_pipe,460657,451962,True,451962,3904052,333725,False,35.429470372312544
2,case_043,3,no_dual_pipe,445665,353728,True,353728,5505158,271072,False,30.492267736985013
2,case_043,5,no_dual_pipe,366330,362825,True,362825,5244444,200001,False,81.41159294203528
2,case_093,2,no_dual_pipe,38804,37765,True,37765,294912,37827,True,-0.16390408967139614
2,case_093,5,no_shared_input,21505,17831,True,17831,221184,15876,False,12.314184933232553
2,case_023,3,no_dual_pipe,32952,32757,True,32757,590490,31979,False,2.4328465555520706
2,case_023,4,no_memory_priority,31206,29185,True,29185,1151652,31367,True,-6.956355405362324
2,case_023,5,cold_full,22742,22715,True,22715,562052,25493,True,-10.897109010316552
2,case_025,2,no_shared_input,2541014,2449978,True,2449978,18889728,2431840,False,0.7458549904598932
2,case_025,3,no_shared_input,1749582,1641366,True,1641366,18714624,1622164,False,1.1837274159702815
2,case_025,5,no_shared_input,1000532,993410,True,993410,18329088,975360,False,1.850598753280841
2,case_042,2,no_shared_input,959074,894230,True,894230,7522728,828101,False,7.985620111556435
2,case_042,3,no_shared_input,751410,653863,True,653863,12836676,565109,False,15.705642628236326
2,case_042,4,no_dual_pipe,608752,541359,True,541359,11213216,418795,False,29.265869936365043
2,case_042,5,no_memory_priority,481100,467851,True,467851,17534060,339578,False,37.77423743587629
2,case_073,2,no_memory_priority,5337338,5254990,True,5254990,144367488,4142348,False,26.86017688518685
2,case_073,3,no_dual_pipe,4001567,3911108,True,3911108,146270336,2828376,False,38.28104891287438
2,case_073,4,no_dual_pipe,3316248,3270152,True,3270152,141585664,2168614,False,50.79456279448533
2,case_073,5,no_shared_input,3020143,2991480,True,2991480,137480192,1766730,False,69.322986534445
3,case_093,4,budget_24,21178,20928,True,20928,245760,19743,False,6.002127336271079
3,case_023,3,no_pollution,31581,31278,True,31278,584280,31825,True,-1.718774548311075
3,case_023,5,no_pollution,22172,21587,True,21587,523140,25493,True,-15.321853057702118
3,case_025,5,no_completion,1000484,1000464,True,1000464,18396672,975360,False,2.573818897637792
3,case_042,2,no_pollution,945978,945516,True,945516,9653792,823352,False,14.83739639910997
3,case_042,3,no_pollution,748985,726479,True,726479,9061672,560553,False,29.600412449848633
3,case_042,4,no_pollution,603398,600505,True,600505,10250780,418743,False,43.406576348738966
3,case_043,3,no_pollution,440897,432948,True,432948,2429032,271072,False,59.71697556368787
3,case_073,2,no_moves,5196426,5196261,True,5196261,144878464,4150254,False,25.203445379487622
