problem,case,cores,supp_best_makespan_reported,supp_best_variant,v1_main_makespan,v2_makespan,supp_beats_v1_main,supp_beats_v2,gap_vs_v2_pct
1,case_013,2,138267,full,138267,132198,False,False,4.591
1,case_013,3,107844,full,107844,88351,False,False,22.063
1,case_013,4,98767,no_dedup,99973,67017,True,False,47.376
1,case_013,5,101680,full,99973,54468,False,False,86.678
1,case_014,2,10053241,no_critical_path,12928830,8761285,True,False,14.746
1,case_014,3,7629086,no_critical_path,10868036,5853188,True,False,30.341
1,case_014,4,6091765,factor_24,8555638,4407313,True,False,38.219
1,case_014,5,4934508,no_critical_path,8313553,3523383,True,False,40.05
1,case_023,2,69285,full,69285,62929,False,False,10.1
1,case_023,3,50435,full,50435,39337,False,False,28.213
1,case_023,4,40014,no_feedback,40272,33997,True,False,17.699
1,case_023,5,32515,full,32515,26562,False,False,22.412
1,case_025,2,2620466,full,2620466,2431840,False,False,7.757
1,case_025,3,1757428,no_feedback,1759995,1622164,True,False,8.338
1,case_025,4,1330095,full,1330095,1217470,False,False,9.251
1,case_025,5,1056634,full,1056634,975360,False,False,8.333
1,case_042,2,1065424,no_critical_path,1618318,836687,True,False,27.338
1,case_042,3,761382,no_critical_path,1584312,552854,True,False,37.718
1,case_042,4,616542,no_critical_path,1541594,418795,True,False,47.218
1,case_042,5,551601,no_critical_path,1100331,339578,True,False,62.437
1,case_043,2,508823,no_wait,509854,342489,True,False,48.566
1,case_043,3,569216,no_dedup,509854,271072,False,False,109.987
1,case_043,4,418541,factor_24,509854,271072,True,False,54.402
1,case_043,5,576480,no_critical_path,509854,263773,False,False,118.552
1,case_073,2,5460206,no_wait,5945469,4504791,True,False,21.209
1,case_073,3,4054028,no_wait,4359775,4131182,True,True,-1.868
1,case_073,4,3385577,no_wait,4033216,3159132,True,False,7.168
1,case_073,5,3130497,no_wait,3368847,2699402,True,False,15.97
1,case_093,2,46328,no_dedup,47058,37827,True,False,22.473
1,case_093,3,32961,full,32961,25103,False,False,31.303
1,case_093,4,30600,wait_scale_2,30734,19849,True,False,54.164
1,case_093,5,30010,full,30010,15876,False,False,89.027
2,case_013,2,132865,no_shared_input,133543,132198,True,False,0.505
2,case_013,3,89241,no_shared_input,92296,88351,True,False,1.007
2,case_013,4,67987,granularity_4,74211,67017,True,False,1.447
2,case_013,5,55786,no_shared_input,57919,54468,True,False,2.42
2,case_014,2,9020579,no_shared_input,11046663,8810639,True,False,2.383
2,case_014,3,7981478,no_shared_input,8667105,5936316,True,False,34.452
2,case_014,4,5692405,balance_weight_0.25,5934108,4435855,True,False,28.327
2,case_014,5,5483286,no_shared_input,5933799,3537471,True,False,55.006
2,case_023,2,49037,cold_full,49037,50632,False,True,-3.15
2,case_023,3,32757,no_dual_pipe,32952,31979,True,False,2.433
2,case_023,4,29185,no_memory_priority,31206,31367,True,True,-6.956
2,case_023,5,22715,cold_full,22742,25493,True,True,-10.897
2,case_025,2,2449978,no_shared_input,2541014,2431840,True,False,0.746
2,case_025,3,1641366,no_shared_input,1749582,1622164,True,False,1.184
2,case_025,4,1226882,cold_full,1226882,1217470,False,False,0.773
2,case_025,5,993410,no_shared_input,1000532,975360,True,False,1.851
2,case_042,2,894230,no_shared_input,959074,828101,True,False,7.986
2,case_042,3,653863,no_shared_input,751410,565109,True,False,15.706
2,case_042,4,541359,no_dual_pipe,608752,418795,True,False,29.266
2,case_042,5,467851,no_memory_priority,481100,339578,True,False,37.774
2,case_043,2,451962,no_dual_pipe,460657,333725,True,False,35.429
2,case_043,3,353728,no_dual_pipe,445665,271072,True,False,30.492
2,case_043,4,341247,no_dual_pipe,434438,235671,True,False,44.798
2,case_043,5,362825,no_dual_pipe,366330,200001,True,False,81.412
2,case_073,2,5254990,no_memory_priority,5337338,4142348,True,False,26.86
2,case_073,3,3911108,no_dual_pipe,4001567,2828376,True,False,38.281
2,case_073,4,3270152,no_dual_pipe,3316248,2168614,True,False,50.795
2,case_073,5,2991480,no_shared_input,3020143,1766730,True,False,69.323
2,case_093,2,37765,no_dual_pipe,38804,37827,True,True,-0.164
2,case_093,3,25103,cold_full,25103,25103,False,False,0.0
2,case_093,4,20293,granularity_16,21505,19779,True,False,2.599
2,case_093,5,17831,no_shared_input,21505,15876,True,False,12.314
3,case_013,2,133543,full,133543,132198,False,False,1.017
3,case_013,3,92127,full,92127,88351,False,False,4.274
3,case_013,4,70895,budget_24,70895,67017,False,False,5.787
3,case_013,5,57645,full,57645,54468,False,False,5.833
3,case_014,2,11044723,full,11044723,8805518,False,False,25.43
3,case_014,3,8657412,full,8657412,5932257,False,False,45.938
3,case_014,4,5928282,budget_24,5928282,4434173,False,False,33.695
3,case_014,5,5928157,full,5928157,3529114,False,False,67.979
3,case_023,2,47700,full,47700,49532,False,True,-3.699
3,case_023,3,31278,no_pollution,31581,31825,True,True,-1.719
3,case_023,4,27484,full,27484,30252,False,True,-9.15
3,case_023,5,21587,no_pollution,22172,25493,True,True,-15.322
3,case_025,2,2526474,full,2526474,2431840,False,False,3.891
3,case_025,3,1748252,full,1748252,1622164,False,False,7.773
3,case_025,4,1226882,full,1226882,1217470,False,False,0.773
3,case_025,5,1000464,no_completion,1000484,975360,True,False,2.574
3,case_042,2,945516,no_pollution,945978,823352,True,False,14.837
3,case_042,3,726479,no_pollution,748985,560553,True,False,29.6
3,case_042,4,600505,no_pollution,603398,418743,True,False,43.407
3,case_042,5,466619,full,466619,338945,False,False,37.668
3,case_043,2,448239,full,448239,333725,False,False,34.314
3,case_043,3,432948,no_pollution,440897,271072,True,False,59.717
3,case_043,4,433336,budget_24,433336,228946,False,False,89.274
3,case_043,5,365417,full,365417,190982,False,False,91.336
3,case_073,2,5196261,no_moves,5196426,4150254,True,False,25.203
3,case_073,3,3927714,full,3927714,2765882,False,False,42.006
3,case_073,4,3167753,full,3167753,2139350,False,False,48.071
3,case_073,5,2746267,full,2746267,1765506,False,False,55.551
3,case_093,2,38804,full,38804,37827,False,False,2.583
3,case_093,3,25103,full,25103,25103,False,False,0.0
3,case_093,4,20928,budget_24,21178,19743,True,False,6.002
3,case_093,5,21178,full,21178,15876,False,False,33.396
