problem,cores,mean_speedup,mean_added_bytes,from_V2,from_V1_main,from_V1_supp57,padded
1,2,1.9388342225820556,10685695.68,100,0,0,0
1,3,2.6705382326849123,13704200.86,99,0,1,0
1,4,3.3243891239546484,13551575.28,100,0,0,0
1,5,3.883792219872742,16111795.08,99,1,0,0
2,2,2.1085177582544867,7445400.76,86,13,1,0
2,3,2.932749302534293,8565918.6,91,9,0,0
2,4,3.6910509498822357,7835183.0,87,12,1,0
2,5,4.362758772487744,8788244.5,83,16,1,0
3,2,2.116288714643802,7439556.66,87,13,0,0
3,3,2.9629635061794852,8558710.52,90,9,1,0
3,4,3.748059431442118,7820298.8,83,17,0,0
3,5,4.451961930038431,8835368.28,85,13,1,1
