case,cores,makespan,added_copy_bytes,partition_added_bytes,spill_added_bytes,num_subgraphs,cross_core_transfers,official_valid,eval_match,singlecore_makespan,speedup,p1plan_makespan,p1plan_added_bytes,p1plan_speedup,stub_makespan,stub_added_bytes,stub_speedup,greedy_makespan,greedy_added_bytes,greedy_speedup,construct_best,construct_makespan,lower_bound_LB0,solve_seconds,improve_accepted,improve_evals,inherited_from_cores,official_eval_seconds
case_001,2,116868,1152,1152,0,2,0,True,True,233110,1.9946,116868,1152,1.9946,177635,1934464,1.3123,116868,1152,1.9946,p1-final,116868,116400,4.04,,20,,0.14
case_001,3,78545,2304,2304,0,3,0,True,True,233110,2.9679,78545,2304,2.9679,190753,1943808,1.2221,79640,2304,2.927,p1-final,78545,77600,4.23,,20,,0.12
case_001,4,58984,3456,3456,0,4,0,True,True,233110,3.9521,58984,3456,3.9521,193254,2805120,1.2062,58984,3456,3.9521,p1-final,58984,58200,3.99,,20,,0.16
case_001,5,47502,4608,4608,0,5,0,True,True,233110,4.9074,47502,4608,4.9074,201427,2900480,1.1573,47502,4608,4.9074,p1-final,47502,46560,4.16,,20,,0.12
case_002,2,126098,3895296,3245568,649728,26,758,True,True,261945,2.0773,128740,1156608,2.0347,205105,3102720,1.2771,261945,0,1.0,heft-cut/P1500,126852,120000,57.01,2,52,,0.5
case_002,3,90394,3558912,3489792,69120,1495,734,True,True,261945,2.8978,92007,568320,2.847,213259,4096512,1.2283,262017,0,0.9997,lsB/x1000/runmax,90792,80000,57.03,9,81,,0.52
case_002,4,69692,509952,509952,0,26,166,True,True,261945,3.7586,70186,516096,3.7322,200352,4371456,1.3074,261981,0,0.9999,p1-final,70186,60000,57.7,4,62,,0.27
case_002,5,55812,242688,242688,0,109,79,True,True,261945,4.6933,56725,273408,4.6178,190834,4537344,1.3726,262089,0,0.9995,tals-dfs/cf1/ob6000,56389,48000,57.53,3,81,,0.27
case_003,2,308747,6608170,6608170,0,8124,4652,True,True,602212,1.9505,333485,1535266,1.8058,623077,5484286,0.9665,603081,0,0.9986,lsB/x1000/run8,309043,219396,177.56,1,26,,5.51
case_003,3,237087,2609832,2609832,0,387,886,True,True,602212,2.54,237255,2628260,2.5382,634109,7801726,0.9497,604387,0,0.9964,p1-final,237255,146264,176.58,1,33,,2.86
case_003,4,201011,3800574,3800574,0,662,1232,True,True,602212,2.9959,210559,3651518,2.8601,609137,9336144,0.9886,605959,0,0.9938,tals-dfs/cf1/ob1000,201814,109698,174.69,2,31,,2.84
case_003,5,182439,4402364,4402364,0,725,1403,True,True,602212,3.3009,189539,4464776,3.1772,621064,10620936,0.9696,606716,0,0.9926,tals-dfs/cf1/ob1000,182439,87758,175.38,,28,,2.87
case_004,2,198622,125952,125952,0,4,1,True,True,392357,1.9754,199074,110592,1.9709,328544,4402176,1.1942,392705,0,0.9991,tals-dfs/cf1/ob6000,198622,192807,6.2,,26,,0.16
case_004,3,130926,2101248,221184,1880064,777,0,True,True,392357,2.9968,134043,221184,2.9271,304285,5563392,1.2894,134043,221184,2.9271,lsB/x0/runmax,130926,128538,22.07,,37,,0.16
case_004,4,104188,331776,331776,0,4,0,True,True,392357,3.7659,104188,331776,3.7659,282321,6472704,1.3898,294678,110592,1.3315,p1-final,104188,96404,5.7,,20,,0.13
case_004,5,85093,3277824,3277824,0,13,204,True,True,392357,4.6109,88497,442368,4.4336,293601,6933504,1.3364,88341,442368,4.4414,tals-bl/cf1/ob0,85093,77123,27.69,,29,,0.21
case_005,2,54161,1318726,1318726,0,1883,743,True,True,95618,1.7654,62392,522054,1.5325,112115,1825060,0.8529,95576,0,1.0004,lsB/x1000/run8,54161,31941,45.38,,37,,0.88
case_005,3,45710,783372,783372,0,52,278,True,True,95618,2.0918,46287,773292,2.0658,112473,2838248,0.8501,95568,0,1.0005,p1-final,46287,21294,81.53,4,62,,0.57
case_005,4,39085,1169426,1169426,0,173,406,True,True,95618,2.4464,39085,1169426,2.4464,118453,3023790,0.8072,95435,0,1.0019,p1-final,39085,15970,54.37,,37,,0.64
case_005,5,36477,1554264,1554264,0,241,539,True,True,95618,2.6213,39085,1169426,2.4464,119451,3341938,0.8005,95430,0,1.002,tals-dfs/cf1/ob1000,36968,12776,82.18,9,69,,0.66
case_006,2,38822,16256,16256,0,12,0,True,True,82837,2.1338,42534,49160,1.9475,81616,1784528,1.015,82108,45072,1.0089,comp-pack/16,39530,34500,31.84,2,69,,0.11
case_006,3,31151,0,0,0,7,0,True,True,82837,2.6592,31151,0,2.6592,80118,1944788,1.0339,82108,41984,1.0089,p1-final,31151,23000,4.69,,23,,0.11
case_006,4,24772,471148,471148,0,38,123,True,True,82837,3.344,31151,0,2.6592,80277,2332974,1.0319,81910,51200,1.0113,tals-bl/cf4/ob1000,25128,17250,44.33,3,81,,0.2
case_006,5,22891,447702,447702,0,42,82,True,True,82837,3.6188,31151,0,2.6592,80277,2332974,1.0319,81891,33792,1.0116,tals-bl/cf4/ob1000,27885,13800,46.62,6,74,,0.18
case_007,2,507494,27648,27648,0,2,0,True,True,1012562,1.9952,507494,27648,1.9952,754579,13056000,1.3419,1012922,0,0.9996,p1-final,507494,489510,38.05,,20,,0.62
case_007,3,338094,55296,55296,0,3,0,True,True,1012562,2.9949,338094,55296,2.9949,676202,15009792,1.4974,1012922,0,0.9996,p1-final,338094,326340,33.43,,20,,0.59
case_007,4,254398,82944,82944,0,4,0,True,True,1012562,3.9802,254398,82944,3.9802,562691,16049664,1.7995,257994,82944,3.9248,p1-final,254398,244755,37.05,,20,,0.54
case_007,5,203834,110592,110592,0,5,0,True,True,1012562,4.9676,203834,110592,4.9676,547521,17261568,1.8494,1012562,0,1.0,p1-final,203834,195804,44.33,,20,,0.52
case_008,2,136244,3538944,0,3538944,4,0,True,True,487605,3.5789,136244,3538944,3.5789,449100,15530496,1.0857,487605,0,1.0,p1-final,136244,125064,11.11,,26,,0.23
case_008,3,110229,3317760,0,3317760,6,0,True,True,487605,4.4236,110229,3317760,4.4236,422407,16103808,1.1543,163359,0,2.9849,p1-final,110229,83376,24.14,,26,,0.19
case_008,4,104264,3096576,0,3096576,8,0,True,True,487605,4.6766,104264,3096576,4.6766,430150,16786560,1.1336,123060,0,3.9623,p1-final,104264,62532,24.24,,26,,0.19
case_008,5,100603,0,0,0,5,0,True,True,487605,4.8468,100603,0,4.8468,412075,16933248,1.1833,194840,0,2.5026,p1-final,100603,50026,7.94,,20,,0.16
case_009,2,86836,406648,406648,0,232,353,True,True,153261,1.7649,92198,0,1.6623,162991,1535762,0.9403,153746,9220,0.9968,tals-dfs/cf1/ob1000,88095,59996,97.38,7,62,,1.06
case_009,3,63206,601300,601300,0,324,508,True,True,153261,2.4248,69588,569068,2.2024,164804,2331592,0.93,154012,20484,0.9951,tals-dfs/cf1/ob1000,64343,39997,96.73,8,63,,0.98
case_009,4,55128,784890,784890,0,384,684,True,True,153261,2.7801,55778,793562,2.7477,163801,2505932,0.9357,153674,9728,0.9973,tals-dfs/cf1/ob1000,55233,29998,96.5,2,54,,0.96
case_009,5,46780,902070,902070,0,430,796,True,True,153261,3.2762,47761,907050,3.2089,167989,2692292,0.9123,153418,15872,0.999,tals-dfs/cf1/ob1000,47708,23998,95.76,7,51,,1.02
case_010,2,40671,357408,357408,0,12,42,True,True,86969,2.1384,40671,357408,2.1384,79307,931984,1.0966,87227,0,0.997,p1-final,40671,27748,20.74,,33,,0.12
case_010,3,29268,669640,669640,0,19,97,True,True,86969,2.9715,32442,38016,2.6808,77495,1413032,1.1223,47024,48384,1.8495,tals-bl/cf4/ob1000,29451,18499,31.91,1,42,,0.13
case_010,4,24670,635936,635936,0,33,105,True,True,86969,3.5253,29896,65664,2.9091,77988,1711888,1.1152,86553,0,1.0048,tals-bl/cf4/ob1000,27858,13874,46.29,6,62,,0.15
case_010,5,24670,635936,635936,0,33,105,True,True,86969,3.5253,29896,65664,2.9091,79356,1743832,1.0959,58004,48384,1.4994,tals-bl/cf1/ob0,26123,11099,26.88,,31,4,0.15
case_011,2,92646,180224,180224,0,2,0,True,True,184697,1.9936,92646,180224,1.9936,166537,2439168,1.109,92646,360448,1.9936,p1-final,92646,92224,4.25,,20,,0.16
case_011,3,64014,692224,692224,0,7,4,True,True,184697,2.8853,64014,692224,2.8853,157037,3266560,1.1761,184697,0,1.0,p1-final,64014,61483,22.35,,34,,0.18
case_011,4,46880,540672,540672,0,4,0,True,True,184697,3.9398,46880,540672,3.9398,126862,2818048,1.4559,46880,1081344,3.9398,p1-final,46880,46112,5.1,,20,,0.14
case_011,5,46880,540672,540672,0,4,0,True,True,184697,3.9398,46880,540672,3.9398,105810,3506176,1.7456,184697,0,1.0,p1-final,46880,36890,6.37,,20,,0.17
case_012,2,26568,357188,357188,0,571,111,True,True,59088,2.224,29148,22464,2.0272,58290,848420,1.0137,59188,0,0.9983,hyper/x1000,27980,17786,49.84,8,100,,0.2
case_012,3,19596,9216,9216,0,6,0,True,True,59088,3.0153,20697,9216,2.8549,53437,1180052,1.1058,57997,0,1.0188,p1-final,20697,11857,10.1,3,47,,0.17
case_012,4,14530,28800,28800,0,17,0,True,True,59088,4.0666,16104,40914,3.6692,54214,1137634,1.0899,59084,0,1.0001,comp-pack/4,15468,8893,39.38,4,56,,0.16
case_012,5,12351,53656,53656,0,20,12,True,True,59088,4.7841,13374,53656,4.4181,52250,1229124,1.1309,50649,0,1.1666,p1-final,13374,7114,46.47,3,69,,0.17
case_013,2,132198,8192,8192,0,2,0,True,True,263949,1.9966,132198,8192,1.9966,205808,3117056,1.2825,263949,0,1.0,p1-final,132198,131856,16.67,,20,,0.35
case_013,3,88351,16384,16384,0,3,0,True,True,263949,2.9875,88351,16384,2.9875,215651,4595712,1.224,263949,0,1.0,p1-final,88351,87904,17.03,,20,,0.37
case_013,4,67017,24576,24576,0,4,0,True,True,263949,3.9385,67017,24576,3.9385,206613,4767744,1.2775,197555,8192,1.3361,p1-final,67017,65928,18.54,,20,,0.35
case_013,5,54468,32768,32768,0,5,0,True,True,263949,4.8459,54468,32768,4.8459,171784,5308416,1.5365,156819,8192,1.6831,p1-final,54468,52742,19.29,,20,,0.32
case_014,2,8810639,57265056,5481984,51783072,32,0,True,True,17698626,2.0088,8838851,56612256,2.0024,13419781,413653872,1.3188,17785576,77824416,0.9951,p1-final,8838851,8612874,310.4,2,13,,17.32
case_014,3,5936316,53581560,14233944,39347616,77,11,True,True,17698626,2.9814,5937156,53613816,2.981,11036783,419293456,1.6036,17778005,78054816,0.9955,p1-final,5937156,5741916,311.29,1,12,,14.71
case_014,4,4435855,55191456,13470720,41720736,32,10,True,True,17698626,3.9899,4451379,54458784,3.976,10089515,423491984,1.7542,17752183,80039328,0.997,p1-final,4451379,4306437,311.13,2,11,,13.9
case_014,5,3537471,54646176,18791424,35854752,35,12,True,True,17698626,5.0032,3561640,53712288,4.9692,9279775,427107544,1.9072,17735768,80438688,0.9979,p1-final,3561640,3445150,304.69,3,12,,13.23
case_015,2,86830,151816,151816,0,16,4,True,True,177362,2.0426,90201,180240,1.9663,172021,2640064,1.031,176920,319540,1.0025,comp-pack/16,87684,50748,33.1,1,53,,0.17
case_015,3,60250,258568,201216,57352,3,0,True,True,177362,2.9438,62750,216768,2.8265,173409,3246154,1.0228,178363,262184,0.9944,comp-pack/4,60263,33832,7.18,1,21,,0.16
case_015,4,48585,361096,328320,32776,4,3,True,True,177362,3.6506,48610,328320,3.6487,169683,3643252,1.0453,176236,303146,1.0064,p1-final,48610,25374,7.95,1,21,,0.17
case_015,5,37422,372178,372178,0,15,6,True,True,177362,4.7395,39416,372178,4.4997,174388,3793870,1.0171,175043,303156,1.0132,p1-final,39416,20299,34.5,2,50,,0.18
case_016,2,4799766,20196052,20196052,0,1526,3043,True,True,7715523,1.6075,4808776,20327116,1.6045,7864166,69994204,0.9811,7715523,0,1.0,p1-final,4808776,3857488,223.74,4,26,,6.41
case_016,3,3683160,39991560,39991560,0,3335,4255,True,True,7715523,2.0948,3684732,39991560,2.0939,7901889,74582352,0.9764,7715523,0,1.0,p1-final,3684732,2571658,224.23,3,22,,5.29
case_016,4,2252262,572912,572912,0,15560,3964,True,True,7715523,3.4257,3047643,40353260,2.5316,7918094,77138416,0.9744,7715523,0,1.0,hyper/x0,2252274,1928744,222.03,2,27,,5.14
case_016,5,2242186,606908,606908,0,16774,4271,True,True,7715523,3.4411,2592165,20824756,2.9765,7929906,78777124,0.973,7715523,0,1.0,hyper/x0,2242689,1542995,220.8,2,25,,5.08
case_017,2,75942,82944,82944,0,4,0,True,True,162810,2.1439,78090,82944,2.0849,146866,1300730,1.1086,162271,12288,1.0033,p1-final,78090,55300,14.42,2,38,,0.2
case_017,3,48286,164736,164736,0,40,0,True,True,162810,3.3718,53735,145152,3.0299,141199,2045604,1.1531,117465,185520,1.386,comp-pack/16,52288,36867,53.99,12,86,,0.21
case_017,4,37456,258844,258844,0,18,9,True,True,162810,4.3467,37456,258844,4.3467,139551,2046950,1.1667,117999,113728,1.3798,p1-final,37456,27650,32.43,,36,,0.22
case_017,5,31908,322560,322560,0,43,0,True,True,162810,5.1025,39964,479894,4.0739,131304,2200370,1.2399,98438,213536,1.6539,comp-pack/16,34952,22120,53.1,8,69,,0.2
case_018,2,500574,2748416,1253376,1495040,7,4,True,True,1004367,2.0064,502631,2768896,1.9982,903586,14089592,1.1115,1025046,2946048,0.9798,p1-final,502631,485660,55.65,2,47,,0.47
case_018,3,338555,1822720,1490944,331776,4,0,True,True,1004367,2.9666,338555,1822720,2.9666,817045,15921576,1.2293,1019094,2959360,0.9855,p1-final,338555,323773,23.42,,20,,0.4
case_018,4,252907,3194240,3042688,151552,34,2,True,True,1004367,3.9713,254074,3227008,3.953,750578,16837396,1.3381,1026682,2902016,0.9783,comp-pack/16,253584,242830,66.52,2,53,,0.45
case_018,5,203149,2555904,2555904,0,5,0,True,True,1004367,4.944,203149,2555904,4.944,730139,17242544,1.3756,1013360,2837504,0.9911,p1-final,203149,194264,25.57,,20,,0.41
case_019,2,27791,772144,772144,0,396,118,True,True,81144,2.9198,40314,24576,2.0128,69684,199252,1.1645,80057,0,1.0136,lsB/x1000/runmax,27833,24218,36.35,3,102,,0.14
case_019,3,22003,789608,789608,0,486,144,True,True,81144,3.6879,28118,56608,2.8858,68863,821940,1.1783,80372,0,1.0096,lsB/x1000/run8,22067,16145,41.69,5,104,,0.16
case_019,4,17026,577912,577912,0,528,117,True,True,81144,4.7659,24099,49152,3.3671,70887,1007176,1.1447,79605,0,1.0193,hyper/x1000,17174,12234,19.53,5,51,,0.14
case_019,5,14382,499352,499352,0,546,98,True,True,81144,5.6421,19281,93712,4.2085,69665,1222144,1.1648,79882,0,1.0158,hyper/x1000,14678,12234,47.65,8,100,,0.19
case_020,2,266580,0,0,0,2,0,True,True,532746,1.9984,266580,0,1.9984,948619,50823168,0.5616,532746,0,1.0,p1-final,266580,266304,56.6,,20,,0.74
case_020,3,177950,0,0,0,3,0,True,True,532746,2.9938,177950,0,2.9938,965572,52797440,0.5517,532746,0,1.0,p1-final,177950,177536,55.52,,20,,1.09
case_020,4,133704,0,0,0,4,0,True,True,532746,3.9845,133704,0,3.9845,976266,53624832,0.5457,532746,0,1.0,p1-final,133704,133152,58.85,,20,,0.72
case_020,5,107726,0,0,0,5,0,True,True,532746,4.9454,107726,0,4.9454,987484,55029760,0.5395,532746,0,1.0,p1-final,107726,106522,63.57,,20,,1.03
case_021,2,3148331,5222400,1740800,3481600,8,0,True,True,6567937,2.0862,3191571,4749312,2.0579,5639325,84525056,1.1647,6567937,4501504,1.0,p1-final,3191571,3096000,79.7,6,39,,0.76
case_021,3,2149858,37478400,37478400,0,1684,1481,True,True,6567937,3.0551,2163747,6432768,3.0354,4472920,86020096,1.4684,6559558,4501504,1.0013,tals-dfs/cf1/ob1000,2149858,2064000,78.34,,36,,1.05
case_021,4,1550324,4608000,4608000,0,40,0,True,True,6567937,4.2365,1616935,6215680,4.062,4142530,87822336,1.5855,6564115,4501504,1.0006,comp-pack/16,1550324,1548000,72.42,,36,,0.61
case_021,5,1249068,11395072,9420800,1974272,80,0,True,True,6567937,5.2583,1287783,5304320,5.1002,3773392,87267328,1.7406,1287783,5304320,5.1002,comp-pack/16,1250168,1238400,79.65,5,38,,0.81
case_022,2,28463,32572,32572,0,11,15,True,True,56780,1.9949,28961,0,1.9606,57415,1178736,0.9889,56569,0,1.0037,tals-dfs/cf1/ob6000,28515,27044,34.56,1,49,,0.2
case_022,3,19072,0,0,0,21,0,True,True,56780,2.9771,19687,52832,2.8841,55193,1690924,1.0288,56526,0,1.0045,comp-pack/16,19129,18029,42.0,1,56,,0.18
case_022,4,14631,6912,6912,0,24,0,True,True,56780,3.8808,14918,0,3.8061,56731,1986962,1.0009,56703,0,1.0014,comp-pack/16,14631,13522,35.14,,38,,0.17
case_022,5,11810,6912,6912,0,18,0,True,True,56780,4.8078,12042,13824,4.7152,58741,2263812,0.9666,56509,0,1.0048,p1-final,12042,10817,34.05,1,48,,0.18
case_023,2,50632,1713202,1571890,141312,688,243,True,True,122614,2.4217,62399,122912,1.965,102330,1526120,1.1982,123461,0,0.9931,lsB/x1000/run8,50632,34779,25.11,,36,,0.24
case_023,3,31979,461448,461448,0,28,60,True,True,122614,3.8342,32797,458504,3.7386,106943,1791386,1.1465,121881,0,1.006,p1-final,32797,23186,49.15,4,68,,0.22
case_023,4,31367,394222,394222,0,31,26,True,True,122614,3.909,34738,303062,3.5297,97200,2161536,1.2615,118216,0,1.0372,tals-dfs/cf1/ob1000,31367,17390,33.41,,36,,0.17
case_023,5,25493,305284,305284,0,5,1,True,True,122614,4.8097,25544,305284,4.8001,99676,2360230,1.2301,82675,102544,1.4831,p1-final,25544,13912,7.58,1,21,,0.16
case_024,2,1574826,7147020,7147020,0,511,1002,True,True,2555343,1.6226,1588009,7015948,1.6091,2623377,25232064,0.9741,2555343,0,1.0,p1-final,1588009,1277398,100.24,10,61,,1.15
case_024,3,1213129,13275864,13275864,0,1089,1398,True,True,2555343,2.1064,1219233,13243088,2.0959,2628789,26018552,0.9721,2555343,0,1.0,p1-final,1219233,851598,99.27,8,52,,1.23
case_024,4,753270,562304,562304,0,5156,1312,True,True,2555343,3.3923,1009926,13800576,2.5302,2638959,27657152,0.9683,2555343,0,1.0,hyper/x0,753282,638699,99.87,2,65,,1.17
case_024,5,748498,595484,595484,0,5554,1415,True,True,2555343,3.414,860174,7542296,2.9707,2643451,28181428,0.9667,2555343,0,1.0,hyper/x0,749001,510959,82.0,2,55,,1.19
case_025,2,2431840,27648,27648,0,2,0,True,True,4863026,1.9997,2431840,27648,1.9997,3427129,83905536,1.419,4863026,0,1.0,p1-final,2431840,2351412,227.35,,19,,6.54
case_025,3,1622164,55296,55296,0,3,0,True,True,4863026,2.9979,1622164,55296,2.9979,2937307,87754752,1.6556,4863026,0,1.0,p1-final,1622164,1567608,227.73,,20,,4.86
case_025,4,1217470,82944,82944,0,4,0,True,True,4863026,3.9944,1217470,82944,3.9944,2637674,89845248,1.8437,4863386,0,0.9999,p1-final,1217470,1175706,228.79,,20,,4.4
case_025,5,975360,110592,110592,0,5,0,True,True,4863026,4.9859,975360,110592,4.9859,2484304,92226048,1.9575,1011762,110592,4.8065,p1-final,975360,940565,226.59,,18,,4.06
case_026,2,51705,147856,147856,0,7,6,True,True,99203,1.9186,51705,147856,1.9186,101504,1761028,0.9773,100706,0,0.9851,p1-final,51705,35384,11.58,,35,,0.12
case_026,3,39574,1281696,880288,401408,436,106,True,True,99203,2.5068,42640,94080,2.3265,107595,2293968,0.922,100706,0,0.9851,hyper/x0,41781,23589,45.46,10,135,,0.15
case_026,4,38976,1455244,1373324,81920,470,135,True,True,99203,2.5452,42640,94080,2.3265,105131,2128912,0.9436,97704,0,1.0153,hyper/x0,41528,17692,45.46,10,152,,0.16
case_026,5,38976,1455244,1373324,81920,470,135,True,True,99203,2.5452,41449,127508,2.3934,105131,2128912,0.9436,97039,0,1.0223,p1-final,41449,14154,23.84,1,28,4,0.17
case_027,2,1115722,1105920,1105920,0,1424,0,True,True,2363952,2.1188,1169004,1425408,2.0222,1656997,20350976,1.4266,1169004,1425408,2.0222,hyper/x0,1115722,1114560,28.77,,37,,0.26
case_027,3,744685,17143808,17143808,0,179,553,True,True,2363952,3.1744,744685,17143808,3.1744,1672033,20998144,1.4138,2363952,1400832,1.0,p1-final,744685,743040,45.91,,36,,0.43
case_027,4,559196,2211840,2211840,0,4,0,True,True,2363952,4.2274,559196,2211840,4.2274,1618878,21127168,1.4602,559196,2211840,4.2274,p1-final,559196,557280,11.92,,20,,0.28
case_027,5,449751,21239808,21239808,0,1377,648,True,True,2363952,5.2561,559196,2211840,4.2274,1618912,21848064,1.4602,2363952,1400832,1.0,lsB/x0/runmax,451435,445824,54.57,1,47,,0.56
case_028,2,20199999,104818224,82239024,22579200,11342,8413,True,True,43836040,2.1701,21168179,45178128,2.0708,35890919,240033960,1.2214,23638628,277473600,1.8544,lsB/x1000/run8,20223370,19487304,247.72,4,9,,14.36
case_028,3,13486222,58892544,34464000,24428544,18911,2568,True,True,43836040,3.2504,14568347,63934896,3.009,33706763,254897112,1.3005,16770711,277369056,2.6138,lsB/x1000/runmax,13523884,12991536,236.66,2,13,,8.46
case_028,4,10176437,119581920,117689568,1892352,12871,11807,True,True,43836040,4.3076,11676020,50918760,3.7544,32610613,269384544,1.3442,13608312,277760640,3.2213,lsB/x1000/runmax,10176437,9743652,249.1,,9,,14.09
case_028,5,8280551,124546560,123158016,1388544,14296,12213,True,True,43836040,5.2939,11294775,276457776,3.8811,31279667,276784776,1.4014,43836040,277412256,1.0,lsB/x1000/runmax,8280551,7794922,241.85,,8,,13.4
case_029,2,19740,0,0,0,2,0,True,True,37555,1.9025,19740,0,1.9025,35754,565978,1.0504,37555,0,1.0,p1-final,19740,18742,5.53,,20,,0.14
case_029,3,12743,0,0,0,3,0,True,True,37555,2.9471,12743,0,2.9471,34849,873372,1.0776,37555,0,1.0,p1-final,12743,12495,5.49,,20,,0.14
case_029,4,9886,16412,16412,0,9,6,True,True,37555,3.7988,11098,0,3.3839,37769,734108,0.9943,37555,0,1.0,comp-pack/4,11063,9371,23.36,1,38,,0.15
case_029,5,8364,16406,16406,0,9,6,True,True,37555,4.4901,9488,0,3.9582,35177,930764,1.0676,37555,0,1.0,comp-pack/4,9383,7497,23.85,1,39,,0.15
case_030,2,1402905,2588672,845824,1742848,4,0,True,True,2808034,2.0016,1402992,2588672,2.0015,2379043,76620316,1.1803,2846509,7387136,0.9865,p1-final,1402992,1388240,142.37,1,29,,1.83
case_030,3,941995,2366464,1810432,556032,12,0,True,True,2808034,2.9809,941995,2366464,2.9809,2182535,79517360,1.2866,2837857,7847936,0.9895,p1-final,941995,925493,141.79,,25,,2.26
case_030,4,707133,2580480,1239040,1341440,4,0,True,True,2808034,3.971,707133,2580480,3.971,1887015,80772560,1.4881,2846114,7772160,0.9866,p1-final,707133,694120,119.99,,20,,1.65
case_030,5,564152,2258944,1571840,687104,5,0,True,True,2808034,4.9774,564152,2258944,4.9774,1860689,82538528,1.5091,1696018,7391232,1.6557,p1-final,564152,555296,124.42,,20,,1.72
case_031,2,700900,3840004,1554436,2285568,23,1,True,True,1414369,2.0179,708481,3173376,1.9963,1195634,26045608,1.1829,1432722,4794144,0.9872,comp-pack/16,707481,667246,102.0,4,35,,1.23
case_031,3,474039,4404736,2917888,1486848,14,20,True,True,1414369,2.9837,474039,4404736,2.9837,1113839,28253474,1.2698,1419190,4900932,0.9966,p1-final,474039,444831,102.23,,35,,1.1
case_031,4,355562,3531264,2770944,760320,12,0,True,True,1414369,3.9778,373712,3371044,3.7846,937795,29629588,1.5082,1428482,4951268,0.9901,comp-pack/4,356931,333623,102.17,2,34,,1.02
case_031,5,282234,3973632,3826176,147456,11,0,True,True,1414369,5.0113,285935,3973632,4.9465,913080,30678658,1.549,1421979,4878820,0.9946,comp-pack/4,285276,266898,100.67,1,30,,1.01
case_032,2,18904,6144,6144,0,7,0,True,True,41443,2.1923,20428,6144,2.0287,37777,516910,1.097,41302,0,1.0034,comp-pack/4,18904,16998,21.49,,36,,0.14
case_032,3,12830,12288,12288,0,17,0,True,True,41443,3.2302,14192,17424,2.9202,36775,727124,1.1269,40319,0,1.0279,comp-pack/16,14034,11332,50.05,8,102,,0.13
case_032,4,10733,18440,18440,0,10,3,True,True,41443,3.8613,11081,18440,3.74,39712,975590,1.0436,39278,0,1.0551,p1-final,11081,8499,36.89,2,61,,0.19
case_032,5,10733,18440,18440,0,10,3,True,True,41443,3.8613,11075,18432,3.742,38779,1052520,1.0687,41201,0,1.0059,comp-pack/4,11021,6799,6.69,,23,4,0.19
case_033,2,884621,5427208,1923592,3503616,7,8,True,True,1774196,2.0056,894532,3518976,1.9834,1518173,30916080,1.1686,1783384,6294528,0.9948,comp-pack/16,889142,864054,74.95,2,44,,0.67
case_033,3,602508,4366848,2098176,2268672,4,0,True,True,1774196,2.9447,602713,5736960,2.9437,1285280,32721108,1.3804,1786426,6283776,0.9932,comp-pack/1,602508,576036,36.4,,20,,0.56
case_033,4,441529,7902720,5838336,2064384,8,0,True,True,1774196,4.0183,460845,4156416,3.8499,1241246,34158128,1.4294,1794979,6434304,0.9884,comp-pack/16,449643,432027,60.01,1,27,,0.68
case_033,5,358218,4704768,3922944,781824,5,0,True,True,1774196,4.9528,358218,4704768,4.9528,1120534,36054042,1.5833,1787284,6428160,0.9927,p1-final,358218,345622,39.68,,20,,0.58
case_034,2,416960,3957344,3144280,813064,345,210,True,True,842996,2.0218,421320,1398280,2.0008,719955,16657422,1.1709,845674,2150450,0.9968,tals-dfs/cf1/ob6000,419602,374580,77.58,2,51,,0.79
case_034,3,276722,1916424,1809920,106504,25,7,True,True,842996,3.0464,276722,1916424,3.0464,645266,18945990,1.3064,847589,2250800,0.9946,p1-final,276722,249720,72.93,,36,,0.66
case_034,4,210907,2133504,1977856,155648,9,13,True,True,842996,3.997,211604,2129920,3.9838,615638,20054662,1.3693,859836,2311216,0.9804,p1-final,211604,187290,77.01,2,42,,0.62
case_034,5,162533,3100672,3100672,0,10,0,True,True,842996,5.1866,171907,2949120,4.9038,594802,21377878,1.4173,852091,2294316,0.9893,comp-pack/16,170385,149832,62.46,2,27,,0.68
case_035,2,95406,0,0,0,6,0,True,True,169571,1.7774,95406,0,1.7774,175072,2039748,0.9686,169730,0,0.9991,p1-final,95406,71954,27.87,,23,,0.53
case_035,3,88015,644086,644086,0,252,360,True,True,169571,1.9266,95406,0,1.7774,182158,2806842,0.9309,169994,0,0.9975,tals-dfs/cf1/ob1000,89220,47970,79.8,6,67,,0.69
case_035,4,75009,726662,726662,0,328,425,True,True,169571,2.2607,77854,720260,2.1781,184245,2970092,0.9204,170498,0,0.9946,tals-dfs/cf1/ob1000,75009,35977,46.94,,37,,0.74
case_035,5,60238,687842,687842,0,203,405,True,True,169571,2.815,62538,654950,2.7115,177537,2912696,0.9551,169840,0,0.9984,p1-final,62538,28782,78.73,8,99,,0.63
case_036,2,466068,1152,1152,0,2,0,True,True,931510,1.9987,466068,1152,1.9987,745117,9290880,1.2502,470655,1152,1.9792,p1-final,466068,465600,21.07,,20,,0.44
case_036,3,311345,2304,2304,0,3,0,True,True,931510,2.9919,311345,2304,2.9919,691359,10922240,1.3474,317096,2304,2.9376,p1-final,311345,310400,21.81,,20,,0.42
case_036,4,233584,3456,3456,0,4,0,True,True,931510,3.9879,233584,3456,3.9879,607267,11627904,1.5339,240361,3456,3.8755,p1-final,233584,232800,20.85,,20,,0.43
case_036,5,187182,4608,4608,0,5,0,True,True,931510,4.9765,187182,4608,4.9765,600619,12382720,1.5509,187182,4608,4.9765,p1-final,187182,186240,21.18,,20,,0.4
case_037,2,105374,204800,204800,0,2,0,True,True,210001,1.9929,105374,204800,1.9929,192917,3565568,1.0886,105374,368640,1.9929,p1-final,105374,104800,5.3,,20,,0.14
case_037,3,74038,491520,491520,0,3,0,True,True,210001,2.8364,74038,491520,2.8364,193106,4435968,1.0875,210153,0,0.9993,p1-final,74038,69867,5.74,,20,,0.15
case_037,4,53320,614400,614400,0,4,0,True,True,210001,3.9385,53320,614400,3.9385,174947,4767744,1.2004,53320,1105920,3.9385,p1-final,53320,52400,6.12,,20,,0.15
case_037,5,43013,819200,819200,0,5,0,True,True,210001,4.8823,43013,819200,4.8823,177133,4950016,1.1856,43013,1310720,4.8823,p1-final,43013,41920,7.33,,20,,0.15
case_038,2,670314,5136384,2110464,3025920,11,0,True,True,1364555,2.0357,673759,5452800,2.0253,1125787,27077992,1.2121,1400335,7855616,0.9744,p1-final,673759,662500,99.42,5,31,,1.47
case_038,3,456035,3649536,1101312,2548224,4,0,True,True,1364555,2.9922,456035,3649536,2.9922,895963,28771116,1.523,1380749,7511040,0.9883,p1-final,456035,441667,67.13,,20,,0.98
case_038,4,337197,5270016,5151744,118272,27,15,True,True,1364555,4.0468,339776,5316096,4.016,930095,30727460,1.4671,1389202,7398912,0.9823,p1-final,339776,331250,100.32,2,30,,1.17
case_038,5,276035,6779904,6779904,0,15,0,True,True,1364555,4.9434,294864,4864000,4.6277,829675,31635932,1.6447,1373679,7541248,0.9934,comp-pack/16,282031,265000,99.65,2,28,,1.14
case_039,2,716933,13004800,8298496,4706304,892,500,True,True,1435262,2.0019,724893,11218944,1.98,1269604,47964160,1.1305,1435338,7929856,0.9999,tals-dfs/cf1/ob6000,718427,688940,92.67,3,35,,1.32
case_039,3,478401,11722752,7147520,4575232,10,11,True,True,1435262,3.0001,492532,9969664,2.914,1197299,49647616,1.1987,1435504,7929856,0.9998,comp-pack/16,489779,459293,92.81,2,28,,0.97
case_039,4,385929,15843328,10739712,5103616,12,0,True,True,1435262,3.719,391944,9232384,3.6619,1111385,50900992,1.2914,1434900,7929856,1.0003,comp-pack/16,387000,344470,92.59,1,30,,1.05
case_039,5,327297,8065024,4358144,3706880,10,0,True,True,1435262,4.3852,327297,8065024,4.3852,1112106,52211712,1.2906,1435338,7929856,0.9999,p1-final,327297,275576,86.26,,26,,0.9
case_040,2,122362,0,0,0,4,0,True,True,253454,2.0713,130186,24576,1.9469,269356,4308920,0.941,244663,0,1.0359,comp-pack/4,122362,92876,25.63,,33,,0.42
case_040,3,110105,0,0,0,4,0,True,True,253454,2.3019,110105,0,2.3019,266560,4786374,0.9508,250026,0,1.0137,p1-final,110105,61917,20.65,,20,,0.43
case_040,4,110105,0,0,0,4,0,True,True,253454,2.3019,110105,0,2.3019,262582,5555696,0.9652,244416,0,1.037,p1-final,110105,46438,20.68,,20,,0.45
case_040,5,107551,2992794,2755216,237578,1790,575,True,True,253454,2.3566,110105,0,2.3019,262008,5578160,0.9674,249979,0,1.0139,hyper/x1000,107551,37150,33.46,,36,,0.76
case_041,2,2987390,16864256,3873792,12990464,39,9,True,True,6003957,2.0098,2998790,15967232,2.0021,4932282,140528264,1.2173,6056983,35622912,0.9912,p1-final,2998790,2947620,206.36,3,16,,5.03
case_041,3,2006786,17716224,8138752,9577472,67,5,True,True,6003957,2.9918,2007167,17716224,2.9913,4309550,143309324,1.3932,6073622,34690048,0.9885,p1-final,2007167,1965080,211.82,2,16,,5.73
case_041,4,1502089,15799296,5489664,10309632,8,0,True,True,6003957,3.9971,1503692,15575040,3.9928,3594093,145520208,1.6705,6028286,35062784,0.996,p1-final,1503692,1473810,206.86,1,15,,3.7
case_041,5,1196457,16516100,9862148,6653952,26,21,True,True,6003957,5.0181,1200925,16998404,4.9994,3761228,147377696,1.5963,6081068,36206592,0.9873,p1-final,1200925,1179048,208.16,2,15,,4.08
case_042,2,828101,4945920,1996800,2949120,29,0,True,True,1686740,2.0369,841422,3769344,2.0046,1278950,30133828,1.3188,1719035,8238080,0.9812,comp-pack/16,829800,799538,87.54,3,40,,0.88
case_042,3,565109,3895296,1843200,2052096,4,0,True,True,1686740,2.9848,567160,3803136,2.974,1011321,32301616,1.6679,1707343,7898112,0.9879,comp-pack/1,565109,533025,50.66,,20,,0.78
case_042,4,418795,3753984,2764800,989184,5,0,True,True,1686740,4.0276,418795,3753984,4.0276,1100562,33798596,1.5326,1723309,8363008,0.9788,p1-final,418795,399769,53.56,,20,,0.77
case_042,5,339578,4184064,3532800,651264,6,0,True,True,1686740,4.9672,339578,4184064,4.9672,1027741,34793308,1.6412,1366409,8980480,1.2344,p1-final,339578,319815,56.43,,20,,0.83
case_043,2,333725,417800,368640,49160,5,0,True,True,677656,2.0306,336609,385024,2.0132,649927,8513596,1.0427,678674,49164,0.9985,comp-pack/4,334550,258876,111.16,1,30,,1.87
case_043,3,271072,92160,92160,0,17,0,True,True,677656,2.4999,271072,279560,2.4999,649524,12134378,1.0433,672548,225800,1.0076,comp-pack/16,271072,172584,90.71,,23,,1.52
case_043,4,235671,5888914,5888914,0,1150,1254,True,True,677656,2.8754,271072,279560,2.4999,625389,13401154,1.0836,678527,523344,0.9987,tals-dfs/cf1/ob1000,236653,129438,133.76,4,34,,2.07
case_043,5,200001,5505312,5505312,0,778,1169,True,True,677656,3.3883,200584,5469982,3.3784,629241,14789068,1.0769,678198,485104,0.9992,p1-final,200584,103550,132.51,4,34,,2.73
case_044,2,44055,930400,930400,0,503,0,True,True,154407,3.5049,86050,603360,1.7944,103910,1471936,1.486,154407,4438112,1.0,lsB/x1000/run8,44055,37202,24.43,,37,,0.2
case_044,3,44055,930400,930400,0,503,0,True,True,154407,3.5049,86050,603360,1.7944,103005,2264480,1.499,154407,4438112,1.0,lsB/x0/runmax,54338,24801,26.32,1,54,2,0.21
case_044,4,43967,93792,93792,0,16,72,True,True,154407,3.5119,86050,603360,1.7944,110846,2604544,1.393,154407,4438112,1.0,band/4x4,55279,18601,31.43,1,42,,0.19
case_044,5,43967,93792,93792,0,16,72,True,True,154407,3.5119,86050,603360,1.7944,117545,2585728,1.3136,154407,4438112,1.0,band/16x5,51772,14881,55.16,9,67,4,0.18
case_045,2,63059,0,0,0,2,0,True,True,125614,1.992,63059,0,1.992,181653,8540160,0.6915,125614,0,1.0,p1-final,63059,62738,8.82,,20,,0.2
case_045,3,42304,0,0,0,3,0,True,True,125614,2.9693,42304,0,2.9693,181655,9179136,0.6915,125614,0,1.0,p1-final,42304,41825,10.19,,20,,0.21
case_045,4,32037,0,0,0,4,0,True,True,125614,3.9209,32037,0,3.9209,185979,9408512,0.6754,125614,0,1.0,p1-final,32037,31369,9.0,,20,,0.17
case_045,5,25860,0,0,0,67,0,True,True,125614,4.8575,26330,0,4.7708,183867,9887744,0.6832,125614,0,1.0,comp-pack/16,26164,25095,56.52,3,99,,0.19
case_046,2,107387,930400,930400,0,992,0,True,True,276455,2.5744,117946,1020512,2.3439,219009,1890560,1.2623,166578,3521632,1.6596,lsB/x0/runmax,107524,104624,28.76,1,54,,0.16
case_046,3,80389,1926336,1926336,0,843,4,True,True,276455,3.439,117946,1020512,2.3439,220221,2326016,1.2554,276455,3176288,1.0,lsB/x1000/runmax,81236,69749,50.15,6,103,,0.18
case_046,4,78779,2791200,2791200,0,992,0,True,True,276455,3.5092,85064,2791200,3.25,220251,2056448,1.2552,124612,4513952,2.2185,lsB/x0/runmax,79056,52312,32.21,2,71,,0.19
case_046,5,78523,2881920,2881920,0,919,20,True,True,276455,3.5207,85064,2791200,3.25,220251,2056448,1.2552,276455,3176288,1.0,hyper/x1000,78523,41850,18.49,,34,,0.18
case_047,2,192864,2513638,2513638,0,8837,3443,True,True,326508,1.6929,198490,764230,1.645,354705,2481574,0.9205,326574,0,0.9998,lsB/x0/run8,192917,129685,179.09,3,31,,5.49
case_047,3,125363,1305708,1305708,0,410,1163,True,True,326508,2.6045,125744,1299820,2.5966,370588,4009290,0.8811,326637,0,0.9996,p1-final,125744,86457,176.34,3,35,,2.95
case_047,4,113414,1740658,1740658,0,737,1402,True,True,326508,2.8789,119728,1692946,2.7271,363027,4280526,0.8994,326680,0,0.9995,tals-dfs/cf1/ob1000,113753,64842,176.43,4,36,,2.95
case_047,5,99915,1966040,1966040,0,672,1608,True,True,326508,3.2679,100547,1963992,3.2473,366974,4792818,0.8897,326588,0,0.9998,p1-final,100547,51874,176.26,3,36,,2.76
case_048,2,135551,955238,955238,0,743,322,True,True,222220,1.6394,145169,505062,1.5308,225955,368580,0.9835,222220,0,1.0,lsB/x0/run8,136736,75960,57.33,9,113,,0.33
case_048,3,111394,744588,744588,0,799,285,True,True,222220,1.9949,114412,685836,1.9423,224873,491464,0.9882,221964,0,1.0012,lsB/x1000/run8,111394,75960,18.83,,37,,0.32
case_048,4,102681,812242,812242,0,225,305,True,True,222220,2.1642,102712,814418,2.1635,222594,547852,0.9983,223566,0,0.994,p1-final,102712,75960,56.77,2,71,,0.4
case_048,5,96482,864276,864276,0,245,336,True,True,222220,2.3032,96835,868024,2.2948,228112,599024,0.9742,222748,0,0.9976,tals-bl/cf1/ob0,96482,75960,35.33,,37,,0.33
case_049,2,111154,2724434,2724434,0,2381,1124,True,True,196276,1.7658,112372,347434,1.7467,207129,1952528,0.9476,195989,0,1.0015,lsB/x1000/run8,111154,82858,45.56,,36,,1.01
case_049,3,79323,614036,614036,0,153,335,True,True,196276,2.4744,80211,661784,2.447,213485,3118170,0.9194,196465,0,0.999,p1-final,80211,55238,82.58,5,67,,0.7
case_049,4,65351,739406,739406,0,246,423,True,True,196276,3.0034,67675,723214,2.9003,205423,3031586,0.9555,197400,0,0.9943,p1-final,67675,41429,82.15,9,70,,0.77
case_049,5,60878,925928,925928,0,195,503,True,True,196276,3.2241,61167,925544,3.2089,203723,3438878,0.9634,195740,0,1.0027,p1-final,61167,33143,82.57,6,68,,0.71
case_050,2,80644,350010,350010,0,149,225,True,True,149690,1.8562,81284,344346,1.8416,161879,2423470,0.9247,149621,0,1.0005,p1-final,81284,66706,85.13,4,69,,0.78
case_050,3,59366,489526,489526,0,132,326,True,True,149690,2.5215,59366,489526,2.5215,160758,3305934,0.9312,149931,33378,0.9984,p1-final,59366,44470,57.84,,37,,0.74
case_050,4,52315,660890,660890,0,247,442,True,True,149690,2.8613,54023,571670,2.7709,160925,3128000,0.9302,149352,62022,1.0023,tals-dfs/cf4/ob1000,52986,33353,84.8,6,68,,0.73
case_050,5,44764,717736,717736,0,261,481,True,True,149690,3.344,48430,719882,3.0909,160998,3558018,0.9298,150020,64512,0.9978,tals-dfs/cf1/ob1000,45353,26682,84.68,6,68,,0.72
case_051,2,357152,1966904,1966904,0,125,230,True,True,607628,1.7013,370188,1901380,1.6414,623337,6946992,0.9748,607628,0,1.0,p1-final,370188,303540,53.28,10,85,,0.21
case_051,3,278240,3048568,3048568,0,238,324,True,True,607628,2.1838,288394,3408992,2.1069,634206,7667904,0.9581,607628,0,1.0,p1-final,288394,202360,53.91,13,82,,0.24
case_051,4,187486,558300,558300,0,1229,311,True,True,607628,3.2409,243792,3736792,2.4924,630857,8257744,0.9632,607628,0,1.0,hyper/x0,187486,151770,20.28,,35,,0.25
case_051,5,184729,591172,591172,0,1319,337,True,True,607628,3.2893,207716,2426164,2.9253,631790,8978668,0.9618,607628,0,1.0,hyper/x0,185207,121416,45.7,6,136,,0.27
case_052,2,79211,1769384,1769384,0,617,245,True,True,180301,2.2762,91863,103680,1.9627,162065,1640166,1.1125,180026,0,1.0015,lsB/x1000/run8,79556,70764,49.42,7,84,,0.24
case_052,3,57137,894310,894310,0,626,139,True,True,180301,3.1556,61724,78336,2.9211,164380,2273784,1.0969,179681,16384,1.0035,hyper/x0,57912,47176,50.76,5,84,,0.22
case_052,4,45504,1112794,1112794,0,730,176,True,True,180301,3.9623,47989,177408,3.7571,147655,2661226,1.2211,98804,166456,1.8248,hyper/x0,45632,35382,49.14,5,85,,0.24
case_052,5,37894,324096,324096,0,5,0,True,True,180301,4.758,39872,185856,4.522,142599,3010310,1.2644,82250,281184,2.1921,comp-pack/16,39134,28306,8.45,1,21,,0.18
case_053,2,706592,10380850,10380850,0,7079,3401,True,True,1472686,2.0842,757210,5921504,1.9449,1369557,9868530,1.0753,1469510,5429856,1.0022,lsB/x1000/run8,706789,606363,156.99,3,25,,4.3
case_053,3,533706,14905648,14905648,0,7551,4776,True,True,1472686,2.7594,563110,5747776,2.6153,1363930,14084156,1.0797,1477708,5591824,0.9966,lsB/x1000/run8,533737,404242,160.25,4,22,,4.61
case_053,4,452294,10384222,6478478,3905744,338,866,True,True,1472686,3.256,563110,5747776,2.6153,1350801,16941852,1.0902,1476548,5490128,0.9974,tals-dfs/cf1/ob6000,466697,303182,157.64,2,33,,2.33
case_053,5,389130,11114576,7701872,3412704,334,1014,True,True,1472686,3.7846,389437,11079472,3.7816,1332809,18708892,1.1049,1472394,5469248,1.0002,p1-final,389437,242545,157.23,2,33,,2.34
case_054,2,437905,1557930,1557930,0,284,532,True,True,815051,1.8613,442987,1590570,1.8399,803578,8364334,1.0143,820744,0,0.9931,tals-dfs/cf1/ob6000,442025,287108,199.31,3,26,,3.69
case_054,3,328935,2335320,2335320,0,365,957,True,True,815051,2.4778,328935,2351704,2.4778,796899,11736244,1.0228,819661,0,0.9944,p1-final,328935,191405,200.43,1,23,,3.52
case_054,4,266398,3208926,3208926,0,394,1248,True,True,815051,3.0595,268934,3208926,3.0307,809899,13656862,1.0064,822618,0,0.9908,p1-final,268934,143554,199.25,2,21,,3.55
case_054,5,224433,3844768,3844768,0,499,1634,True,True,815051,3.6316,226669,3814560,3.5958,803646,14922530,1.0142,825892,0,0.9869,p1-final,226669,114843,199.92,4,22,,3.47
case_055,2,56523,389272,389272,0,70,57,True,True,118835,2.1024,60322,0,1.97,107372,1435594,1.1068,118419,106496,1.0035,tals-dfs/cf1/ob1000,58233,34524,43.44,3,70,,0.2
case_055,3,33935,115712,115712,0,24,0,True,True,118835,3.5018,41023,64000,2.8968,97323,2005746,1.221,115241,106496,1.0312,comp-pack/16,40301,23016,52.25,11,70,,0.18
case_055,4,30337,74240,74240,0,11,0,True,True,118835,3.9172,31560,82444,3.7654,101545,2354798,1.1703,116688,73728,1.0184,p1-final,31560,17262,43.65,3,67,,0.18
case_055,5,21601,173568,173568,0,24,0,True,True,118835,5.5014,25447,231424,4.6699,96831,2920226,1.2272,114825,69640,1.0349,p1-final,25447,13810,54.36,6,66,,0.18
case_056,2,151976,467270,467270,0,148,324,True,True,277285,1.8245,157186,471746,1.7641,296546,3484964,0.935,278141,0,0.9969,p1-final,157186,122976,116.54,4,52,,1.57
case_056,3,117846,859392,859392,0,322,536,True,True,277285,2.3529,119515,862204,2.3201,303024,4463732,0.9151,279309,0,0.9928,p1-final,119515,81984,118.78,5,50,,2.2
case_056,4,106100,1159682,1159682,0,286,710,True,True,277285,2.6134,108111,1216514,2.5648,305203,5591194,0.9085,280462,0,0.9887,tals-dfs/cf4/ob3000,106110,61488,118.28,1,50,,1.35
case_056,5,82815,1491462,1491462,0,334,914,True,True,277285,3.3482,84392,1487430,3.2857,306651,5441886,0.9042,281793,0,0.984,p1-final,84392,49191,117.16,3,50,,2.08
case_057,2,29738,4096,0,4096,3,0,True,True,59726,2.0084,29738,4096,2.0084,54059,783444,1.1048,59811,106496,0.9986,p1-final,29738,23782,5.92,,29,,0.14
case_057,3,21014,14976,14976,0,5,1,True,True,59726,2.8422,21014,14976,2.8422,50877,1278886,1.1739,58963,102416,1.0129,p1-final,21014,15855,5.77,,23,,0.15
case_057,4,16122,38408,38408,0,10,3,True,True,59726,3.7046,16122,38408,3.7046,51097,1202908,1.1689,58856,86024,1.0148,p1-final,16122,11891,22.11,,32,,0.18
case_057,5,14347,0,0,0,8,0,True,True,59726,4.163,14348,0,4.1627,53092,1237964,1.125,58780,90112,1.0161,p1-final,14348,9513,6.77,1,26,,0.14
case_058,2,2225815,35303424,4837376,30466048,47,13,True,True,4539717,2.0396,2235694,35168256,2.0306,4334213,180076544,1.0474,4537332,28696576,1.0005,p1-final,2235694,2179485,207.17,5,17,,5.61
case_058,3,1526307,29601792,4595712,25006080,3,0,True,True,4539717,2.9743,1526307,29601792,2.9743,3629542,181620736,1.2508,4534764,28696576,1.0011,p1-final,1526307,1452990,207.53,,18,,4.44
case_058,4,1148398,39604224,16355328,23248896,56,0,True,True,4539717,3.9531,1183566,33705984,3.8356,3563088,183734272,1.2741,4536614,28696576,1.0007,comp-pack/16,1164120,1089742,206.63,3,17,,4.45
case_058,5,948121,30142464,9191424,20951040,5,0,True,True,4539717,4.7881,948121,30142464,4.7881,3396797,184426496,1.3365,4534001,28696576,1.0013,p1-final,948121,871794,210.63,,17,,4.01
case_059,2,369318,360448,360448,0,2,0,True,True,829473,2.246,369318,360448,2.246,619594,15175680,1.3387,829473,1691648,1.0,p1-final,369318,368896,19.35,,20,,0.39
case_059,3,246737,11788288,11788288,0,2686,1175,True,True,829473,3.3618,254142,901120,3.2638,559849,16080896,1.4816,829473,1691648,1.0,lsB/x1000/runmax,246737,245931,60.43,,37,,0.92
case_059,4,185216,1081344,1081344,0,4,0,True,True,829473,4.4784,185216,1081344,4.4784,555219,17661952,1.494,829473,1691648,1.0,p1-final,185216,184448,21.42,,20,,0.4
case_059,5,150736,1576960,1576960,0,5,0,True,True,829473,5.5028,150736,1576960,5.5028,483069,17491968,1.7171,829473,1691648,1.0,p1-final,150736,147558,28.21,,20,,0.42
case_060,2,423348,4615584,3380100,1235484,544,328,True,True,888789,2.0994,441165,2202624,2.0146,795426,24066238,1.1174,896511,2955728,0.9914,tals-dfs/cf1/ob6000,428165,360116,93.75,4,39,,1.21
case_060,3,291799,2512916,1812480,700436,6,3,True,True,888789,3.0459,291799,2512916,3.0459,704698,26610904,1.2612,893295,2942294,0.995,p1-final,291799,240077,83.28,,29,,0.95
case_060,4,215692,3467284,2975764,491520,56,21,True,True,888789,4.1206,226403,3405824,3.9257,672875,27953616,1.3209,898966,2908502,0.9887,p1-final,226403,180058,93.99,8,36,,1.0
case_060,5,172689,2856960,2734080,122880,8,0,True,True,888789,5.1468,177532,2913280,5.0064,711211,29528598,1.2497,750483,3092690,1.1843,p1-final,177532,144046,74.27,2,30,,0.85
case_061,2,42926,19200,19200,0,3,0,True,True,77191,1.7982,44641,6912,1.7292,81940,934254,0.942,83559,0,0.9238,comp-pack/4,43056,35728,7.9,1,27,,0.17
case_061,3,29137,33288,33288,0,7,4,True,True,77191,2.6492,30030,45832,2.5705,76564,1197998,1.0082,82618,0,0.9343,p1-final,30030,23819,13.9,3,58,,0.17
case_061,4,23376,48640,48640,0,10,1,True,True,77191,3.3021,23376,48640,3.3021,79242,1400064,0.9741,82543,0,0.9352,p1-final,23376,17864,15.56,,26,,0.18
case_061,5,20879,222824,222824,0,26,46,True,True,77191,3.6971,22549,59904,3.4233,80092,1581760,0.9638,82543,0,0.9352,tals-dfs/cf1/ob6000,21539,14291,42.69,2,48,,0.2
case_062,2,1429109,3396096,3396096,0,1536,1104,True,True,2854809,1.9976,1429540,3374592,1.997,2157036,61441536,1.3235,2855301,0,0.9998,tals-dfs/cf1/ob1000,1429240,1309200,238.28,1,19,,6.64
case_062,3,954913,1769472,1769472,0,757,576,True,True,2854809,2.9896,957536,1771008,2.9814,1814024,64637952,1.5737,2854965,0,0.9999,tals-dfs/cf1/ob6000,957493,872800,240.58,1,20,,5.41
case_062,4,736761,2448384,2448384,0,1211,797,True,True,2854809,3.8748,737397,2480640,3.8715,1779949,67706880,1.6039,2855265,0,0.9998,tals-dfs/cf1/ob6000,736761,654600,236.85,,19,,5.3
case_062,5,604983,2617344,2617344,0,1095,846,True,True,2854809,4.7188,605319,2571264,4.7162,1607728,69674496,1.7757,2854929,0,1.0,p1-final,605319,523680,238.42,1,19,,6.03
case_063,2,537534,1250304,1250304,0,609,407,True,True,1070397,1.9913,620798,11555328,1.7242,850693,18539520,1.2583,1070553,0,0.9999,tals-dfs/cf4/ob1000,537599,490800,114.7,1,43,,2.57
case_063,3,361898,721920,721920,0,312,235,True,True,1070397,2.9577,361964,712704,2.9572,750995,21129216,1.4253,1070625,0,0.9998,p1-final,361964,327200,114.37,1,42,,1.99
case_063,4,278870,887808,887808,0,447,289,True,True,1070397,3.8383,280178,898560,3.8204,703929,23115264,1.5206,1070517,0,0.9999,tals-dfs/cf1/ob6000,278870,245400,105.81,,37,,1.43
case_063,5,226140,976896,976896,0,456,318,True,True,1070397,4.7333,226140,976896,4.7333,718135,24654336,1.4905,1070589,0,0.9998,p1-final,226140,196320,103.73,,37,,2.17
case_064,2,12692,53862,53862,0,56,70,True,True,19116,1.5061,13389,52486,1.4277,20714,49060,0.9229,19104,0,1.0006,tals-dfs/cf1/ob1000,12709,7872,28.94,1,53,,0.14
case_064,3,9407,90188,90188,0,54,112,True,True,19116,2.0321,9917,81770,1.9276,21881,94472,0.8736,19156,0,0.9979,p1-final,9917,5248,50.89,4,85,,0.15
case_064,4,8135,105618,105618,0,66,116,True,True,19116,2.3498,8145,104658,2.347,21828,89802,0.8758,19148,0,0.9983,p1-final,8145,3936,49.39,5,85,,0.2
case_064,5,8135,105618,105618,0,66,116,True,True,19116,2.3498,8722,99990,2.1917,21622,103884,0.8841,19274,0,0.9918,tals-dfs/cf1/ob1000,8320,3528,46.58,4,102,4,0.16
case_065,2,24941,290792,290792,0,13,83,True,True,53068,2.1277,27393,13824,1.9373,48674,462852,1.0903,53428,0,0.9933,tals-bl/cf4/ob1000,25252,14759,26.27,1,42,,0.14
case_065,3,18213,118974,118974,0,15,14,True,True,53068,2.9137,18620,27648,2.8501,50549,783052,1.0498,52185,0,1.0169,tals-dfs/cf4/ob3000,18213,9839,22.72,,35,,0.14
case_065,4,13476,65298,65298,0,14,7,True,True,53068,3.938,13883,71176,3.8225,45211,787164,1.1738,51745,0,1.0256,p1-final,13883,7380,46.66,5,89,,0.13
case_065,5,10623,55296,55296,0,20,0,True,True,53068,4.9956,11851,55440,4.4779,50702,943236,1.0467,34043,76968,1.5589,comp-pack/4,11425,5904,47.78,7,68,,0.16
case_066,2,190639,1031824,1031824,0,122,276,True,True,359070,1.8835,191646,1029612,1.8736,360738,3539528,0.9954,355187,0,1.0109,p1-final,191646,134847,99.14,3,54,,1.09
case_066,3,146597,1644872,1644872,0,192,413,True,True,359070,2.4494,148635,1657320,2.4158,366231,4817532,0.9804,357991,0,1.003,p1-final,148635,89898,99.63,6,51,,0.93
case_066,4,130286,2100032,2100032,0,229,552,True,True,359070,2.756,130866,2097664,2.7438,367121,5834752,0.9781,356472,0,1.0073,p1-final,130866,67424,99.48,5,51,,0.99
case_066,5,105103,2356272,2356272,0,233,650,True,True,359070,3.4164,105696,2344016,3.3972,367131,6134862,0.978,356238,0,1.0079,p1-final,105696,53939,100.34,5,51,,1.01
case_067,2,29820253,55386496,46244224,9142272,5050,3504,True,True,63834834,2.1407,29996503,53379456,2.1281,57080020,244556416,1.1183,63834834,264449408,1.0,lsB/x0/runmax,29834936,29457616,131.17,4,19,,4.58
case_067,3,19835048,66739968,62814976,3924992,2969,4602,True,True,63834834,3.2183,19835048,66739968,3.2183,54904428,259484032,1.1627,63834834,264449408,1.0,p1-final,19835048,19638411,132.06,,16,,4.79
case_067,4,14915435,77440128,74220672,3219456,4077,5181,True,True,63834834,4.2798,14918015,78587008,4.279,53083736,266131968,1.2025,63834834,264449408,1.0,p1-final,14918015,14728808,131.96,1,15,,5.12
case_067,5,11980245,83254784,83025408,229376,5868,5441,True,True,63834834,5.3283,12037806,85539328,5.3029,52245555,272611072,1.2218,63834834,264449408,1.0,lsB/x0/run8,11981303,11783046,129.57,3,15,,4.27
case_068,2,194361,1319350,1319350,0,151,290,True,True,362095,1.863,196551,1325498,1.8422,365824,2870576,0.9898,360262,36888,1.0051,p1-final,196551,124550,95.36,4,52,,0.98
case_068,3,158977,2091692,2090668,1024,356,515,True,True,362095,2.2777,161394,2068938,2.2435,367009,3945438,0.9866,358777,36888,1.0092,tals-dfs/cf1/ob1000,160417,83034,93.14,3,55,,1.11
case_068,4,127589,2616162,2616162,0,319,619,True,True,362095,2.838,130350,2516256,2.7779,357459,4428544,1.013,359900,36888,1.0061,tals-dfs/cf4/ob3000,130323,62275,92.76,10,49,,1.05
case_068,5,118362,2892320,2892320,0,334,717,True,True,362095,3.0592,118748,2892316,3.0493,369128,4464930,0.9809,358928,134224,1.0088,p1-final,118748,49820,93.56,2,47,,0.99
case_069,2,14279,202950,202950,0,488,104,True,True,25144,1.7609,16425,97828,1.5308,28500,308452,0.8822,25370,0,0.9911,lsB/x1000/run8,14770,8337,38.7,6,87,,0.19
case_069,3,11542,251912,251912,0,23,72,True,True,25144,2.1785,11689,254216,2.1511,29106,509190,0.8639,25210,0,0.9974,p1-final,11689,5558,45.21,2,66,,0.17
case_069,4,10806,350220,350220,0,37,115,True,True,25144,2.3269,13303,240300,1.8901,30360,535944,0.8282,25343,0,0.9921,tals-dfs/cf1/ob1000,11547,4168,50.36,3,63,,0.16
case_069,5,10806,350220,350220,0,37,115,True,True,25144,2.3269,11749,303760,2.1401,32018,681702,0.7853,25673,0,0.9794,tals-dfs/cf1/ob1000,10901,3335,49.35,5,81,4,0.16
case_070,2,58006,330804,330804,0,596,114,True,True,117300,2.0222,59950,73728,1.9566,102860,1235816,1.1404,115376,0,1.0167,hyper/x0,58020,45916,23.78,2,50,,0.21
case_070,3,39158,161792,161792,0,12,0,True,True,117300,2.9956,39885,147456,2.941,99591,1805030,1.1778,115830,0,1.0127,comp-pack/4,39158,30611,25.55,,37,,0.18
case_070,4,29048,360960,360960,0,32,0,True,True,117300,4.0381,31066,161792,3.7758,104384,2014792,1.1237,117414,0,0.999,comp-pack/16,30179,22958,53.46,5,70,,0.18
case_070,5,25289,269342,269342,0,12,10,True,True,117300,4.6384,25604,269342,4.5813,105473,2089474,1.1121,96762,108560,1.2123,p1-final,25604,18366,33.49,2,41,,0.18
case_071,2,11272,112228,112228,0,284,61,True,True,18919,1.6784,12635,63652,1.4973,21597,227714,0.876,18919,0,1.0,lsB/x1000/run8,11272,6267,14.71,,37,,0.12
case_071,3,9775,209480,209480,0,34,67,True,True,18919,1.9354,11410,138344,1.6581,23152,426212,0.8172,19029,0,0.9942,tals-dfs/cf1/ob1000,9775,4178,29.43,,37,,0.13
case_071,4,9262,232240,232240,0,36,79,True,True,18919,2.0426,10334,192108,1.8308,23423,439206,0.8077,18973,0,0.9972,tals-dfs/cf4/ob1000,9462,3134,39.0,7,83,,0.16
case_071,5,7751,283056,283056,0,41,92,True,True,18919,2.4408,10334,192108,1.8308,23354,479270,0.8101,19254,0,0.9826,tals-dfs/cf1/ob1000,8229,2507,49.13,9,82,,0.13
case_072,2,11846159,101208112,8675328,92532784,32,12,True,True,23897828,2.0173,11914284,100995120,2.0058,17087598,434422006,1.3985,23872580,115950832,1.0011,p1-final,11914284,11464047,300.71,3,14,,12.36
case_072,3,7934367,97554688,18347832,79206856,82,16,True,True,23897828,3.0119,7956516,97177856,3.0036,13668727,440923720,1.7484,23898222,116754832,1.0,p1-final,7956516,7642698,303.98,2,15,,10.46
case_072,4,5921768,96170032,23928832,72241200,112,0,True,True,23897828,4.0356,5937946,95776816,4.0246,12769744,446165906,1.8714,23960154,117128992,0.9974,p1-final,5937946,5732024,306.38,2,16,,9.31
case_072,5,4812412,104296496,31907840,72388656,63,16,True,True,23897828,4.9659,4854997,96956464,4.9223,11683101,449015200,2.0455,24038403,117253360,0.9942,p1-final,4854997,4585619,306.12,5,15,,9.44
case_073,2,4142348,9525120,9525120,0,2731,1945,True,True,10081626,2.4338,4186778,10672000,2.408,8843736,115152384,1.14,10081626,141570432,1.0,lsB/x1000/run8,4143028,4080336,89.29,3,27,,2.0
case_073,3,2828376,7582464,7582464,0,4827,17,True,True,10081626,3.5645,3827773,71435648,2.6338,8670000,120532864,1.1628,10081626,141570432,1.0,lsB/x0/runmax,2863798,2720224,88.21,4,52,,1.12
case_073,4,2168614,20030592,20030592,0,3122,2850,True,True,10081626,4.6489,2250538,20757632,4.4797,8603010,119841024,1.1719,10081626,141570432,1.0,lsB/x0/run8,2168850,2040168,89.98,3,27,,1.9
case_073,5,1766730,21983744,21983744,0,2689,2342,True,True,10081626,5.7064,1859696,25181184,5.4211,8505180,125737984,1.1854,10081626,141570432,1.0,hyper/x1000,1767778,1632134,89.98,5,31,,2.03
case_074,2,811193,14999356,14335792,663564,2955,1349,True,True,1682239,2.0738,835828,5025792,2.0127,1475838,24692522,1.1399,1756322,7643152,0.9578,lsB/x0/run8,813017,789712,76.37,8,41,,1.13
case_074,3,549730,4849672,2588680,2260992,12,5,True,True,1682239,3.0601,558711,5033992,3.0109,1302206,26109834,1.2918,1736074,8417288,0.969,p1-final,558711,526475,75.23,3,50,,0.68
case_074,4,413409,7745536,5685248,2060288,40,10,True,True,1682239,4.0692,416040,7872512,4.0435,938600,27708158,1.7923,1743389,8437768,0.9649,p1-final,416040,394856,75.28,2,39,,0.68
case_074,5,332650,5320704,4833280,487424,20,0,True,True,1682239,5.0571,343022,4866064,4.9042,963408,29008428,1.7461,1718859,8507400,0.9787,comp-pack/4,335286,315885,76.45,2,39,,0.58
case_075,2,742033,8101734,8101734,0,3959,2231,True,True,1441809,1.9431,838687,2537350,1.7191,1415564,3881222,1.0185,1440795,0,1.0007,lsB/x1000/run8,742281,553760,114.36,2,40,,3.15
case_075,3,584515,13848140,13848140,0,5349,4336,True,True,1441809,2.4667,613554,4166284,2.3499,1398139,5877962,1.0312,1441757,0,1.0,lsB/x0/run8,584517,369173,115.31,1,33,,3.17
case_075,4,436934,11645008,11645008,0,5061,3172,True,True,1441809,3.2998,488733,4894416,2.9501,1380644,6555568,1.0443,1440665,0,1.0008,lsB/x1000/run8,437054,276880,115.5,2,40,,2.53
case_075,5,387938,12093336,12093336,0,5085,3239,True,True,1441809,3.7166,412097,5722262,3.4987,1381918,7242836,1.0433,1439777,0,1.0014,lsB/x1000/run8,388273,221504,116.0,7,41,,2.65
case_076,2,3088208,22683648,2112512,20571136,2,0,True,True,6185113,2.0028,3098307,16826368,1.9963,5173964,196968640,1.1954,6225525,31588352,0.9935,comp-pack/1,3088208,3030822,303.63,,11,,8.18
case_076,3,2057851,19871744,3300352,16571392,3,0,True,True,6185113,3.0056,2090674,18769920,2.9584,4456252,200116756,1.388,4120475,30895104,1.5011,comp-pack/1,2057851,2020548,308.79,,13,,8.75
case_076,4,1553246,17539072,3345408,14193664,4,0,True,True,6185113,3.9821,1581823,17832960,3.9101,4141629,202835244,1.4934,6257855,32678912,0.9884,comp-pack/1,1553246,1515411,307.8,,13,,7.77
case_076,5,1261918,19265540,9746436,9519104,22,2,True,True,6185113,4.9014,1267762,19546116,4.8788,3949399,205382484,1.5661,6228607,33094656,0.993,p1-final,1267762,1212329,311.19,2,13,,10.28
case_077,2,239218,90112,90112,0,17,2,True,True,495320,2.0706,247582,57344,2.0006,450914,3962716,1.0985,494794,0,1.0011,comp-pack/16,245398,207703,85.23,6,62,,0.62
case_077,3,165620,57344,57344,0,7,0,True,True,495320,2.9907,165620,57344,2.9907,448135,5270394,1.1053,492874,0,1.005,p1-final,165620,138469,54.67,,32,,0.64
case_077,4,123709,237568,237568,0,10,6,True,True,495320,4.0039,124429,221184,3.9807,427711,6327474,1.1581,372196,192904,1.3308,p1-final,124429,103852,84.09,3,60,,0.61
case_077,5,115927,172032,172032,0,5,0,True,True,495320,4.2727,115927,172032,4.2727,423488,6770962,1.1696,489364,0,1.0122,p1-final,115927,83081,34.88,,20,,0.82
case_078,2,1028424,3052080,3052080,0,960,88,True,True,2296143,2.2327,1260358,12535344,1.8218,1925393,9340200,1.1926,2296143,12644568,1.0,lsB/x0/runmax,1028832,1018944,22.5,3,50,,0.2
case_078,3,691202,9087744,9087744,0,549,538,True,True,2296143,3.322,789493,11482032,2.9084,1952518,9376080,1.176,2296143,12644568,1.0,lsB/x1000/runmax,691202,679296,50.02,3,101,,0.28
case_078,4,520213,7688688,7688688,0,1015,119,True,True,2296143,4.4139,690924,13146912,3.3233,1848875,9382392,1.2419,690924,13146912,3.3233,lsB/x0/runmax,521437,509472,39.59,3,66,,0.2
case_078,5,477234,14096640,14096640,0,583,575,True,True,2296143,4.8114,537275,11707680,4.2737,1848875,9386928,1.2419,2296143,12644568,1.0,lsB/x0/runmax,478340,407578,49.29,4,98,,0.31
case_079,2,15161608,36143104,6057984,30085120,54,10,True,True,31052251,2.0481,15192367,35497984,2.0439,22689434,465375232,1.3686,31053883,32448512,0.9999,p1-final,15192367,14712192,226.46,2,16,,6.96
case_079,3,9994175,40810496,11016192,29794304,65,0,True,True,31052251,3.107,10085534,41377792,3.0789,18140651,469129216,1.7117,31052251,32448512,1.0,p1-final,10085534,9808128,228.96,3,16,,6.25
case_079,4,7450249,42672128,17301504,25370624,80,0,True,True,31052251,4.1679,7451072,42313728,4.1675,15826478,471611392,1.962,30975310,32448512,1.0025,p1-final,7451072,7356096,233.81,3,16,,5.62
case_079,5,6046572,45471744,23402496,22069248,153,42,True,True,31052251,5.1355,6062618,45576192,5.1219,14361026,471879680,2.1623,30989884,32448512,1.002,p1-final,6062618,5884877,227.32,3,16,,5.97
case_080,2,145926,2191360,1904640,286720,18,0,True,True,292138,2.002,146880,667648,1.989,256859,7032832,1.1373,292138,548864,1.0,comp-pack/16,145926,144522,28.16,,39,,0.21
case_080,3,101509,786432,761856,24576,3,0,True,True,292138,2.878,101509,786432,2.878,289730,8146944,1.0083,101509,786432,2.878,p1-final,101509,96348,8.68,,20,,0.17
case_080,4,95154,1675264,1650688,24576,4,0,True,True,292138,3.0702,95154,1675264,3.0702,265897,8540160,1.0987,292442,548864,0.999,p1-final,95154,72261,9.67,,20,,0.19
case_080,5,83701,2031616,2031616,0,5,0,True,True,292138,3.4903,83701,2031616,3.4903,251779,8523776,1.1603,292366,548864,0.9992,p1-final,83701,57809,10.51,,20,,0.2
case_081,2,76860,0,0,0,2,0,True,True,151795,1.975,76860,0,1.975,152667,4220956,0.9943,151795,0,1.0,p1-final,76860,75862,30.66,,20,,0.59
case_081,3,51943,0,0,0,43,0,True,True,151795,2.9223,51978,0,2.9204,150240,4395796,1.0104,151795,0,1.0,comp-pack/16,51943,50575,55.83,,37,,0.55
case_081,4,39605,32798,32798,0,45,9,True,True,151795,3.8327,39658,0,3.8276,144300,4998526,1.0519,151795,0,1.0,comp-pack/16,39623,37931,75.45,1,54,,0.56
case_081,5,30943,0,0,0,5,0,True,True,151795,4.9056,30943,0,4.9056,145983,5496788,1.0398,151795,0,1.0,p1-final,30943,30345,33.5,,20,,0.49
case_082,2,382501,3975878,3975878,0,2907,1466,True,True,721041,1.8851,394990,904838,1.8255,698262,2918342,1.0326,721141,0,0.9999,lsB/x0/runmax,383377,283968,81.21,5,62,,1.1
case_082,3,277071,1567692,1567692,0,224,350,True,True,721041,2.6024,301970,2305000,2.3878,724843,4042442,0.9948,722129,0,0.9985,tals-dfs/cf4/ob1000,280788,189312,81.3,8,62,,0.68
case_082,4,228475,2371474,2371474,0,291,508,True,True,721041,3.1559,228484,2375570,3.1558,715468,4834030,1.0078,719491,0,1.0022,p1-final,228484,141984,81.55,3,60,,0.69
case_082,5,200922,2919832,2919832,0,290,616,True,True,721041,3.5887,203849,2972696,3.5371,701454,5487922,1.0279,719593,0,1.002,p1-final,203849,113587,80.52,7,55,,0.71
case_083,2,417531,8084064,8084064,0,1776,1280,True,True,1057993,2.5339,474435,2570720,2.23,848483,7679072,1.2469,1057993,13934688,1.0,hyper/x0,417668,405418,78.48,1,42,,1.14
case_083,3,309095,10434752,10434752,0,1881,1450,True,True,1057993,3.4229,344674,2306624,3.0695,793176,11744160,1.3339,1057993,13934688,1.0,hyper/x1000,311508,270279,78.51,5,40,,1.07
case_083,4,258782,5261024,5261024,0,131,715,True,True,1057993,4.0884,273470,5479008,3.8688,816544,12726784,1.2957,1057993,13934688,1.0,p1-final,273470,202709,79.17,6,49,,0.78
case_083,5,258782,5261024,5261024,0,131,715,True,True,1057993,4.0884,273470,5479008,3.8688,820215,14018432,1.2899,1057993,13934688,1.0,p1-final,273470,162167,80.71,7,47,4,0.8
case_084,2,686504,9427968,9216,9418752,5,1,True,True,2507412,3.6524,686812,9437184,3.6508,1690297,47904384,1.4834,1259708,0,1.9905,p1-final,686812,633276,129.28,1,13,,2.8
case_084,3,563473,9446400,3336192,6110208,8,362,True,True,2507412,4.4499,686812,9437184,3.6508,1582701,51550656,1.5843,1664780,0,1.5062,p1-final,686812,422184,130.98,3,13,,2.79
case_084,4,384094,8939520,18432,8921088,11,2,True,True,2507412,6.5281,393639,9676800,6.3698,1495830,52597248,1.6763,636012,0,3.9424,p1-final,393639,316638,127.39,1,14,,2.34
case_084,5,384094,8939520,18432,8921088,11,2,True,True,2507412,6.5281,393639,9676800,6.3698,1406091,54221952,1.7833,999128,0,2.5096,p1-final,393639,253310,125.81,1,14,4,2.4
case_085,2,1623518,22091822,21080582,1011240,14741,7818,True,True,3187899,1.9636,1740631,3482630,1.8315,3226735,16197092,0.988,3187029,0,1.0003,lsB/x0/run8,1623518,1282608,241.6,,14,,10.3
case_085,3,1224127,34526746,34446828,79918,15247,10637,True,True,3187899,2.6042,1254525,5933836,2.5411,3199059,23460526,0.9965,3190107,0,0.9993,lsB/x1000/run8,1224127,855072,240.91,,12,,10.74
case_085,4,986615,8938546,8938546,0,966,1976,True,True,3187899,3.2311,986615,8938802,3.2311,3139756,26262064,1.0153,3187100,0,1.0003,p1-final,986615,641304,242.58,1,20,,4.98
case_085,5,840985,10661528,10661528,0,999,2273,True,True,3187899,3.7907,842789,10676760,3.7826,3133219,29953140,1.0175,3186209,0,1.0005,p1-final,842789,513043,238.92,2,19,,5.22
case_086,2,65072,530694,530694,0,94,183,True,True,118403,1.8196,65911,552966,1.7964,137190,2774820,0.8631,118355,0,1.0004,p1-final,65911,39591,92.37,7,69,,0.82
case_086,3,53128,1025196,1025196,0,206,370,True,True,118403,2.2286,55054,886956,2.1507,144974,3729386,0.8167,118505,0,0.9991,tals-dfs/cf1/ob1000,54669,26394,92.29,10,67,,0.82
case_086,4,48045,1425426,1425426,0,227,500,True,True,118403,2.4644,51624,1319826,2.2936,145274,4121710,0.815,118400,0,1.0,tals-dfs/cf4/ob1000,49619,19796,92.44,6,72,,0.82
case_086,5,42472,1685430,1685430,0,230,601,True,True,118403,2.7878,43976,1494744,2.6924,151047,4505682,0.7839,118175,0,1.0019,tals-dfs/cf1/ob1000,43477,15836,93.18,6,67,,0.85
case_087,2,1985537,7934976,2022912,5912064,16,2,True,True,3974071,2.0015,1988914,8142336,1.9981,3439019,62589000,1.1556,3991796,9918576,0.9956,p1-final,1988914,1796640,301.76,2,17,,8.95
case_087,3,1321238,7939584,3538944,4400640,12,6,True,True,3974071,3.0078,1329935,7971840,2.9882,3052871,70336396,1.3017,3975732,10305600,0.9996,p1-final,1329935,1197760,299.51,1,14,,7.87
case_087,4,1004535,7787520,4400640,3386880,21,8,True,True,3974071,3.9561,1005861,7750656,3.9509,3034741,76864548,1.3095,4001821,10318720,0.9931,p1-final,1005861,898320,303.49,2,18,,7.62
case_087,5,807277,9460228,5815300,3644928,85,22,True,True,3974071,4.9228,817483,9294340,4.8614,2947450,79993640,1.3483,3134341,10485316,1.2679,p1-final,817483,718656,303.24,5,18,,8.15
case_088,2,136015,2465742,2446158,19584,1856,771,True,True,243623,1.7911,138321,912842,1.7613,240225,2233694,1.0141,243151,0,1.0019,lsB/x0/run8,136557,86804,72.28,4,69,,0.74
case_088,3,105771,1487504,1487504,0,209,300,True,True,243623,2.3033,108442,1408528,2.2466,248055,2650416,0.9821,241875,0,1.0072,tals-dfs/cf1/ob1000,107217,57869,73.3,3,84,,0.52
case_088,4,88592,1729498,1729498,0,163,384,True,True,243623,2.7499,88775,1744794,2.7443,243239,3216638,1.0016,242716,0,1.0037,p1-final,88775,43402,70.52,2,52,,0.57
case_088,5,82140,2076544,2076544,0,202,454,True,True,243623,2.9659,84215,2065408,2.8929,246524,3111142,0.9882,241360,0,1.0094,p1-final,84215,34722,72.93,10,66,,0.74
case_089,2,303669,3898496,3898496,0,4262,894,True,True,693092,2.2824,346832,238720,1.9984,621137,4797568,1.1158,693092,0,1.0,lsB/x1000/runmax,303735,294560,90.57,5,49,,1.24
case_089,3,218795,5136640,5136640,0,2764,1708,True,True,693092,3.1678,243614,477440,2.845,600929,6305392,1.1534,693092,0,1.0,hyper/x0,220301,196373,92.02,3,44,,1.46
case_089,4,165520,2104704,2104704,0,4248,507,True,True,693092,4.1874,178160,716160,3.8903,594456,7785528,1.1659,693092,0,1.0,hyper/x0,165534,147280,73.93,1,50,,1.0
case_089,5,135556,954880,954880,0,80,0,True,True,693092,5.113,147432,954880,4.7011,604983,8273408,1.1456,693092,0,1.0,band/16x5,135556,117824,63.33,,36,,0.64
case_090,2,424812,3643584,3643584,0,807,706,True,True,1178363,2.7738,466504,2064048,2.5259,964821,12364896,1.2213,1178363,21233592,1.0,lsB/x1000/run8,425652,420264,56.77,6,91,,0.56
case_090,3,313334,6094464,6094464,0,1052,753,True,True,1178363,3.7607,348957,3212016,3.3768,981223,14175096,1.2009,1178363,21233592,1.0,lsB/x1000/run8,313334,280176,35.4,,34,,0.45
case_090,4,282184,8270424,8270424,0,967,784,True,True,1178363,4.1759,311647,4999632,3.7811,931505,13474344,1.265,1178363,21233592,1.0,lsB/x1000/run8,282184,210132,33.88,,35,,0.48
case_090,5,282184,8270424,8270424,0,967,784,True,True,1178363,4.1759,400264,18153480,2.944,903285,13576824,1.3045,1178363,21233592,1.0,lsB/x1000/run8,284857,168106,55.74,4,66,4,0.44
case_091,2,4577547,38449120,5409280,33039840,46,0,True,True,9186769,2.0069,4582700,38194144,2.0047,7055289,223406940,1.3021,9266490,58074240,0.9914,p1-final,4582700,4490680,308.89,3,13,,14.25
case_091,3,3071845,37486048,7883776,29602272,44,4,True,True,9186769,2.9906,3084475,37676512,2.9784,5803365,225855748,1.583,9248801,58515072,0.9933,p1-final,3084475,2993787,307.97,4,13,,13.69
case_091,4,2305902,42209248,13381120,28828128,77,11,True,True,9186769,3.984,2307331,41803744,3.9816,5374679,229834936,1.7093,9258397,58601088,0.9923,p1-final,2307331,2245340,303.14,3,12,,14.03
case_091,5,1876884,39116928,7260672,31856256,10,0,True,True,9186769,4.8947,1896340,39421056,4.8445,5225379,231652792,1.7581,9241905,58450560,0.994,p1-final,1896340,1796272,308.89,1,11,,9.9
case_092,2,2088398,14648928,930400,13718528,6,0,True,True,4815554,2.3059,2088398,14648928,2.3059,3593436,67323968,1.3401,4815554,66000096,1.0,p1-final,2088398,1857076,217.91,,18,,4.71
case_092,3,1434907,19119168,18594880,524288,138,2693,True,True,4815554,3.356,1454136,19856160,3.3116,3405522,80755904,1.414,4815554,66000096,1.0,p1-final,1454136,1238051,218.64,5,14,,6.73
case_092,4,1114693,37627680,35923744,1703936,17600,5925,True,True,4815554,4.3201,1156612,21530272,4.1635,3292013,88936224,1.4628,4815554,66000096,1.0,hyper/x0,1132665,928538,216.96,2,12,,7.85
case_092,5,964953,21855712,21708256,147456,174,3016,True,True,4815554,4.9905,968687,21839040,4.9712,3206155,95718784,1.502,4815554,66000096,1.0,p1-final,968687,742830,217.58,2,16,,5.69
case_093,2,37827,8192,8192,0,2,0,True,True,74205,1.9617,37827,8192,1.9617,66647,786432,1.1134,74205,0,1.0,p1-final,37827,36984,4.0,,20,,0.15
case_093,3,25103,16384,16384,0,3,0,True,True,74205,2.956,25103,16384,2.956,70215,1093632,1.0568,25103,16384,2.956,p1-final,25103,24656,4.04,,20,,0.12
case_093,4,19779,57344,57344,0,35,8,True,True,74205,3.7517,19849,24576,3.7385,66453,1040384,1.1167,74205,0,1.0,comp-pack/16,19814,18492,30.78,1,67,,0.12
case_093,5,15876,32768,32768,0,5,0,True,True,74205,4.674,15876,32768,4.674,66453,1040384,1.1167,59267,8192,1.252,p1-final,15876,14794,4.66,,20,,0.12
case_094,2,43233,735540,616756,118784,437,66,True,True,94892,2.1949,47872,105984,1.9822,89255,1139692,1.0632,94375,0,1.0055,hyper/x0,43233,35472,19.59,,34,,0.13
case_094,3,31451,715600,715600,0,491,63,True,True,94892,3.0171,32713,156676,2.9007,90130,1564604,1.0528,89760,18432,1.0572,hyper/x1000,32175,23648,47.7,9,202,,0.18
case_094,4,24935,318528,318528,0,4,0,True,True,94892,3.8056,25556,84480,3.7131,88772,1588844,1.0689,89970,18432,1.0547,comp-pack/16,25298,17736,4.26,1,21,,0.11
case_094,5,19455,251392,251392,0,13,9,True,True,94892,4.8775,21262,202752,4.463,89691,1667000,1.058,92523,0,1.0256,p1-final,21262,14189,25.37,2,44,,0.13
case_095,2,573788,16588800,0,16588800,4,0,True,True,2084853,3.6335,573788,16588800,3.6335,2205066,91069824,0.9455,1042890,0,1.9991,p1-final,573788,534996,53.56,,26,,0.86
case_095,3,474232,16441344,5677056,10764288,9,154,True,True,2084853,4.3963,573788,16588800,3.6335,2085687,95428608,0.9996,695775,0,2.9964,p1-final,573788,356664,77.68,2,29,,0.9
case_095,4,474232,16441344,5677056,10764288,9,154,True,True,2084853,4.3963,524422,0,3.9755,2134476,97953408,0.9768,1042890,0,1.9991,p1-final,524422,267498,51.18,,20,3,0.86
case_095,5,417954,73728,73728,0,9,2,True,True,2084853,4.9882,417954,73728,4.9882,2113838,97695360,0.9863,425261,0,4.9025,p1-final,417954,213998,72.17,,26,,0.73
case_096,2,31728,624192,624192,0,729,156,True,True,84194,2.6536,42331,86928,1.9889,76302,1360468,1.1034,84413,0,0.9974,lsB/x1000/run8,31852,26565,53.91,5,102,,0.21
case_096,3,24646,799276,799276,0,870,167,True,True,84194,3.4161,29410,120960,2.8628,73975,1601352,1.1381,84011,0,1.0022,lsB/x1000/runmax,24950,17710,46.14,9,119,,0.22
case_096,4,22604,707224,707224,0,999,166,True,True,84194,3.7247,26984,131328,3.1201,74906,1920480,1.124,84065,0,1.0015,hyper/x0,22880,13282,53.71,7,150,,0.22
case_096,5,22604,707224,707224,0,999,166,True,True,84194,3.7247,26984,131328,3.1201,69004,1882340,1.2201,84904,0,0.9916,hyper/x0,23379,10626,42.36,6,154,4,0.26
case_097,2,5152906,2555904,2555904,0,6592,0,True,True,11491509,2.2301,5834394,10584064,1.9696,8329912,123654144,1.3795,11491509,10584064,1.0,hyper/x0,5152906,5151744,107.79,,36,,1.8
case_097,3,3437731,70254592,70254592,0,6478,2512,True,True,11491509,3.3428,3590860,14321664,3.2002,5781122,130363392,1.9878,11491509,10584064,1.0,lsB/x0/runmax,3439626,3434496,107.19,2,19,,3.44
case_097,4,2577788,7667712,7667712,0,6592,0,True,True,11491509,4.4579,3006668,10584064,3.822,6326210,134096896,1.8165,11491509,10584064,1.0,hyper/x0,2577788,2575872,105.07,,37,,1.44
case_097,5,2065557,93175808,93175808,0,1933,3098,True,True,11491509,5.5634,2123519,19587072,5.4115,5032209,135987200,2.2836,11491509,10584064,1.0,heft-cut/P1500,2065557,2060698,106.71,,16,,2.78
case_098,2,89620,0,0,0,5,0,True,True,177430,1.9798,89620,0,1.9798,181133,3971950,0.9796,177430,0,1.0,p1-final,89620,81350,8.68,,23,,0.18
case_098,3,72316,666020,522596,143424,24,86,True,True,177430,2.4535,72329,711800,2.4531,179864,4452946,0.9865,177137,0,1.0017,tals-bl/cf4/ob1000,72316,54234,40.77,1,49,,0.21
case_098,4,70969,1270868,1270868,0,58,199,True,True,177430,2.5001,71635,766212,2.4769,171847,5220340,1.0325,177215,0,1.0012,tals-bl/cf4/ob1000,70969,40675,53.78,3,62,,0.24
case_098,5,60739,1433006,1142190,290816,1113,171,True,True,177430,2.9212,70756,725208,2.5076,168540,5566568,1.0527,176397,12296,1.0059,hyper/x1000,60983,32540,27.25,6,86,,0.26
case_099,2,808685,4911104,614400,4296704,2,0,True,True,1622999,2.007,808685,4911104,2.007,1288217,25282036,1.2599,1623483,6529024,0.9997,p1-final,808685,797742,64.43,,20,,1.53
case_099,3,543987,4882432,1413120,3469312,3,0,True,True,1622999,2.9835,552525,4481024,2.9374,1193606,26915120,1.3597,1638761,7417856,0.9904,comp-pack/1,543987,531828,67.44,,20,,1.04
case_099,4,408104,4616192,1904640,2711552,4,0,True,True,1622999,3.9769,408104,4616192,3.9769,920283,28385340,1.7636,1226386,7229440,1.3234,p1-final,408104,398871,68.78,,20,,1.14
case_099,5,334806,4718592,2949120,1769472,5,0,True,True,1622999,4.8476,334806,4718592,4.8476,982230,28756384,1.6524,1643323,7327744,0.9876,p1-final,334806,319097,70.38,,20,,1.45
case_100,2,75418,174864,174864,0,10,5,True,True,151223,2.0051,75418,174864,2.0051,148383,2296604,1.0191,151349,0,0.9992,p1-final,75418,51004,26.54,,36,,0.21
case_100,3,54041,1500110,1145806,354304,1056,269,True,True,151223,2.7983,55779,274520,2.7111,146040,3110842,1.0355,151058,0,1.0011,hyper/x0,54950,34002,53.34,5,68,,0.28
case_100,4,50076,1598138,1499834,98304,1138,303,True,True,151223,3.0199,54017,384930,2.7995,152991,3793364,0.9884,149994,8704,1.0082,hyper/x0,50875,25502,55.25,8,82,,0.29
case_100,5,46417,1576642,1568450,8192,1134,312,True,True,151223,3.2579,54017,384930,2.7995,144143,4098478,1.0491,145440,75296,1.0398,hyper/x0,48030,20401,50.52,9,85,,0.31
